<?xml version="1.0" encoding="UTF-8"?>
<metadata xml:lang="pt"><Esri><CreaDate>20161111</CreaDate><CreaTime>15284300</CreaTime><ArcGISFormat>1.0</ArcGISFormat><SyncOnce>FALSE</SyncOnce><DataProperties><itemProps><itemName Sync="TRUE">escritorio_cidade.DBO.Distritos</itemName><imsContentType Sync="TRUE">002</imsContentType><itemLocation><linkage Sync="TRUE">Server=serverec; Service=sde:sqlserver:serverec\sqlexpress; Database=escritorio_cidade; Version=dbo.DEFAULT</linkage><protocol Sync="TRUE">ArcSDE Connection</protocol></itemLocation><itemSize Sync="TRUE">0.000</itemSize><nativeExtBox><westBL Sync="TRUE">196846.425600</westBL><eastBL Sync="TRUE">256639.698000</eastBL><southBL Sync="TRUE">6677307.896600</southBL><northBL Sync="TRUE">6728168.433400</northBL><exTypeCode Sync="TRUE">1</exTypeCode></nativeExtBox></itemProps><coordRef><type Sync="TRUE">Projected</type><geogcsn Sync="TRUE">GCS_SIRGAS_2000</geogcsn><csUnits Sync="TRUE">Linear Unit: Meter (1.000000)</csUnits><projcsn Sync="TRUE">SIRGAS_2000_UTM_Zone_22S</projcsn><peXml Sync="TRUE">&lt;ProjectedCoordinateSystem xsi:type='typens:ProjectedCoordinateSystem' xmlns:xsi='http://www.w3.org/2001/XMLSchema-instance' xmlns:xs='http://www.w3.org/2001/XMLSchema' xmlns:typens='http://www.esri.com/schemas/ArcGIS/10.1'&gt;&lt;WKT&gt;PROJCS[&amp;quot;SIRGAS_2000_UTM_Zone_22S&amp;quot;,GEOGCS[&amp;quot;GCS_SIRGAS_2000&amp;quot;,DATUM[&amp;quot;D_SIRGAS_2000&amp;quot;,SPHEROID[&amp;quot;GRS_1980&amp;quot;,6378137.0,298.257222101]],PRIMEM[&amp;quot;Greenwich&amp;quot;,0.0],UNIT[&amp;quot;Degree&amp;quot;,0.0174532925199433]],PROJECTION[&amp;quot;Transverse_Mercator&amp;quot;],PARAMETER[&amp;quot;False_Easting&amp;quot;,500000.0],PARAMETER[&amp;quot;False_Northing&amp;quot;,10000000.0],PARAMETER[&amp;quot;Central_Meridian&amp;quot;,-51.0],PARAMETER[&amp;quot;Scale_Factor&amp;quot;,0.9996],PARAMETER[&amp;quot;Latitude_Of_Origin&amp;quot;,0.0],UNIT[&amp;quot;Meter&amp;quot;,1.0],AUTHORITY[&amp;quot;EPSG&amp;quot;,31982]]&lt;/WKT&gt;&lt;XOrigin&gt;-5120900&lt;/XOrigin&gt;&lt;YOrigin&gt;1900&lt;/YOrigin&gt;&lt;XYScale&gt;10000&lt;/XYScale&gt;&lt;ZOrigin&gt;0&lt;/ZOrigin&gt;&lt;ZScale&gt;1&lt;/ZScale&gt;&lt;MOrigin&gt;0&lt;/MOrigin&gt;&lt;MScale&gt;1&lt;/MScale&gt;&lt;XYTolerance&gt;0.001&lt;/XYTolerance&gt;&lt;ZTolerance&gt;0.001&lt;/ZTolerance&gt;&lt;MTolerance&gt;0.001&lt;/MTolerance&gt;&lt;HighPrecision&gt;true&lt;/HighPrecision&gt;&lt;WKID&gt;31982&lt;/WKID&gt;&lt;LatestWKID&gt;31982&lt;/LatestWKID&gt;&lt;/ProjectedCoordinateSystem&gt;</peXml></coordRef><lineage><Process ToolSource="c:\program files\arcgis\desktop10.1\ArcToolbox\Toolboxes\Conversion Tools.tbx\FeatureClassToFeatureClass" Date="20151211" Time="094256" Name="" export="">FeatureClassToFeatureClass C:\Users\alan\Desktop\Atualização_Area_Urbana\dist.shp C:\Users\alan\Desktop\Atualização_Area_Urbana\atualizacao_area_urbana.gdb Distritos # "OBJECTID_1 "OBJECTID_1" true true false 9 Long 0 9 ,First,#,C:\Users\alan\Desktop\Atualização_Area_Urbana\dist.shp,OBJECTID_1,-1,-1;OBJECTID "OBJECTID" true true false 9 Long 0 9 ,First,#,C:\Users\alan\Desktop\Atualização_Area_Urbana\dist.shp,OBJECTID,-1,-1;GEOCODIGO "GEOCODIGO" true true false 9 Text 0 0 ,First,#,C:\Users\alan\Desktop\Atualização_Area_Urbana\dist.shp,GEOCODIGO,-1,-1;NOME "NOME" true true false 50 Text 0 0 ,First,#,C:\Users\alan\Desktop\Atualização_Area_Urbana\dist.shp,NOME,-1,-1;DIVDIS "DIVDIS" true true false 3 Text 0 0 ,First,#,C:\Users\alan\Desktop\Atualização_Area_Urbana\dist.shp,DIVDIS,-1,-1;LAREAKM2 "LAREAKM2" true true false 19 Double 0 0 ,First,#,C:\Users\alan\Desktop\Atualização_Area_Urbana\dist.shp,LAREAKM2,-1,-1;area_1 "area_1" true true false 19 Double 0 0 ,First,#,C:\Users\alan\Desktop\Atualização_Area_Urbana\dist.shp,area_1,-1,-1;len "len" true true false 19 Double 0 0 ,First,#,C:\Users\alan\Desktop\Atualização_Area_Urbana\dist.shp,len,-1,-1;Shape_Leng "Shape_Leng" true true false 19 Double 0 0 ,First,#,C:\Users\alan\Desktop\Atualização_Area_Urbana\dist.shp,Shape_Leng,-1,-1;Shape_Area "Shape_Area" true true false 19 Double 0 0 ,First,#,C:\Users\alan\Desktop\Atualização_Area_Urbana\dist.shp,Shape_Area,-1,-1" #</Process><Process ToolSource="c:\program files\arcgis\desktop10.1\ArcToolbox\Toolboxes\Data Management Tools.tbx\CopyFeatures" Date="20151230" Time="092831" Name="" export="">CopyFeatures C:\Users\alan\Desktop\Shapes_Atualizados\Atualizar\atualizacao_area_urbana.gdb\Distritos C:\Users\alan\Desktop\Shapes_Atualizados\atualizacao_30_12_2015.gdb\Distritos # 0 0 0</Process><Process ToolSource="c:\program files\arcgis\desktop10.1\ArcToolbox\Toolboxes\Data Management Tools.tbx\CopyFeatures" Date="20160104" Time="165309" Name="" export="">CopyFeatures \\SERVEREC\Geoprocessamento\GDB_Backup_Historico\Producao.gdb\Base\Distritos_2015_12_30 C:\Users\alan\Desktop\arrumar\Distritos_2015_12_30.shp # 0 0 0</Process><Process ToolSource="c:\program files\arcgis\desktop10.1\ArcToolbox\Toolboxes\Data Management Tools.tbx\CopyFeatures" Date="20160105" Time="102753">CopyFeatures C:\Users\alan\Desktop\arrumar\Distritos_2016_01_05.shp C:\Users\alan\Desktop\arrumar\arrumar.gdb\Distritos_2016_01_05 # 0 0 0</Process><Process ToolSource="c:\program files\arcgis\desktop10.2\ArcToolbox\Toolboxes\Data Management Tools.tbx\Project" Date="20161111" Time="131600">Project escritorio_cidade.DBO.Distritos C:\Users\alan\Desktop\zonea10\distritos.shp GEOGCS['GCS_WGS_1984',DATUM['D_WGS_1984',SPHEROID['WGS_1984',6378137.0,298.257223563]],PRIMEM['Greenwich',0.0],UNIT['Degree',0.0174532925199433]] SIRGAS_2000_To_WGS_1984_1 PROJCS['SIRGAS_2000_UTM_Zone_22S',GEOGCS['GCS_SIRGAS_2000',DATUM['D_SIRGAS_2000',SPHEROID['GRS_1980',6378137.0,298.257222101]],PRIMEM['Greenwich',0.0],UNIT['Degree',0.0174532925199433]],PROJECTION['Transverse_Mercator'],PARAMETER['False_Easting',500000.0],PARAMETER['False_Northing',10000000.0],PARAMETER['Central_Meridian',-51.0],PARAMETER['Scale_Factor',0.9996],PARAMETER['Latitude_Of_Origin',0.0],UNIT['Meter',1.0]]</Process></lineage></DataProperties><SyncDate>20160204</SyncDate><SyncTime>14495400</SyncTime><ModDate>20160204</ModDate><ModTime>14495400</ModTime><scaleRange><minScale>150000000</minScale><maxScale>5000</maxScale></scaleRange><ArcGISProfile>ItemDescription</ArcGISProfile></Esri><dataIdInfo><envirDesc Sync="TRUE">Microsoft Windows 7 Version 6.1 (Build 7601) Service Pack 1; Esri ArcGIS 10.2.2.3552</envirDesc><dataLang><languageCode value="por" Sync="TRUE"/><countryCode value="BRA" Sync="TRUE"/></dataLang><idCitation><resTitle Sync="FALSE">Divisao Distrital do Municipio de Santa Maria</resTitle><presForm><PresFormCd value="005" Sync="TRUE"/></presForm></idCitation><spatRpType><SpatRepTypCd value="001" Sync="TRUE"/></spatRpType><idPurp>Divisao distrital do Municipio de Santa Maria, Anexos 02 e 05 da lei de Uso e Ocupacao do Solo (0072/2009), dados de area determinados pela Lei Complementar n 0042/2006, 0043/2006, 0101/2015 e 0102/2015</idPurp><idAbs>&lt;DIV STYLE="text-align:Left;"&gt;&lt;DIV&gt;&lt;DIV&gt;&lt;P&gt;&lt;SPAN&gt;Reposicao de campos e reajuste de acordo com calculo registrado em compilado a partir de 1950&lt;/SPAN&gt;&lt;/P&gt;&lt;P&gt;&lt;SPAN&gt;CAMPO DE ATRIBUTOS&lt;/SPAN&gt;&lt;/P&gt;&lt;P&gt;&lt;SPAN&gt;LEGENDA: &lt;/SPAN&gt;&lt;SPAN&gt;nome do campo, var, delimitacao, casas depois da virgula&lt;/SPAN&gt;&lt;/P&gt;&lt;P&gt;&lt;SPAN&gt;GEOCODIGO,C,&lt;/SPAN&gt;&lt;SPAN&gt;9 &lt;/SPAN&gt;&lt;SPAN&gt;geocodigo &lt;/SPAN&gt;&lt;SPAN&gt;IBGE Distritos&lt;/SPAN&gt;&lt;/P&gt;&lt;P&gt;&lt;SPAN&gt;NOME&lt;/SPAN&gt;&lt;SPAN&gt;,C,50 nome d&lt;/SPAN&gt;&lt;SPAN&gt;e Distrito&lt;/SPAN&gt;&lt;SPAN /&gt;&lt;SPAN&gt;sem acentuacao&lt;/SPAN&gt;&lt;/P&gt;&lt;P&gt;&lt;SPAN&gt;LAREAKM2,N,1&lt;/SPAN&gt;&lt;SPAN&gt;5&lt;/SPAN&gt;&lt;SPAN&gt;,&lt;/SPAN&gt;&lt;SPAN&gt;6&lt;/SPAN&gt;&lt;SPAN&gt;area da&lt;/SPAN&gt;&lt;SPAN&gt;s&lt;/SPAN&gt;&lt;SPAN /&gt;&lt;SPAN&gt;lei&lt;/SPAN&gt;&lt;SPAN&gt;s&lt;/SPAN&gt;&lt;SPAN /&gt;&lt;SPAN&gt;complementar&lt;/SPAN&gt;&lt;SPAN&gt;es&lt;/SPAN&gt;&lt;SPAN /&gt;&lt;SPAN&gt;em &lt;/SPAN&gt;&lt;SPAN&gt;quilometros quadrados&lt;/SPAN&gt;&lt;/P&gt;&lt;/DIV&gt;&lt;/DIV&gt;&lt;/DIV&gt;</idAbs><idCredit>Alterado por Analissa do Prado 05-01-2016</idCredit><searchKeys><keyword>Administrativo</keyword><keyword>Administracao</keyword><keyword>Direcao</keyword><keyword>Historia</keyword><keyword>Territorio</keyword><keyword>Politica</keyword><keyword>limite</keyword></searchKeys><dataExt><geoEle><GeoBndBox esriExtentType="search"><exTypeCode Sync="TRUE">1</exTypeCode><westBL Sync="TRUE">-54.142326</westBL><eastBL Sync="TRUE">-53.511626</eastBL><northBL Sync="TRUE">-29.539402</northBL><southBL Sync="TRUE">-30.011060</southBL></GeoBndBox></geoEle></dataExt></dataIdInfo><mdLang><languageCode value="por" Sync="TRUE"/><countryCode value="BRA" Sync="TRUE"/></mdLang><distInfo><distFormat><formatName Sync="TRUE">SDE Feature Class</formatName></distFormat><distTranOps><transSize Sync="TRUE">0.000</transSize></distTranOps></distInfo><mdHrLv><ScopeCd value="005" Sync="TRUE"/></mdHrLv><mdHrLvName Sync="TRUE">dataset</mdHrLvName><refSysInfo><RefSystem><refSysID><identCode code="31982" Sync="TRUE" value="31982"/><idCodeSpace Sync="TRUE">EPSG</idCodeSpace><idVersion Sync="TRUE">8.2.6</idVersion></refSysID></RefSystem></refSysInfo><spatRepInfo><VectSpatRep><geometObjs Name="escritorio_cidade.DBO.Distritos"><geoObjTyp><GeoObjTypCd value="002" Sync="TRUE"/></geoObjTyp><geoObjCnt Sync="TRUE">10</geoObjCnt></geometObjs><topLvl><TopoLevCd value="001" Sync="TRUE"/></topLvl></VectSpatRep></spatRepInfo><spdoinfo><ptvctinf><esriterm Name="escritorio_cidade.DBO.Distritos"><efeatyp Sync="TRUE">Simple</efeatyp><efeageom code="4" Sync="TRUE"/><esritopo Sync="TRUE">FALSE</esritopo><efeacnt Sync="TRUE">10</efeacnt><spindex Sync="TRUE">TRUE</spindex><linrefer Sync="TRUE">FALSE</linrefer></esriterm></ptvctinf></spdoinfo><eainfo><detailed Name="escritorio_cidade.DBO.Distritos"><enttyp><enttypl Sync="TRUE">escritorio_cidade.DBO.Distritos</enttypl><enttypt Sync="TRUE">Feature Class</enttypt><enttypc Sync="TRUE">10</enttypc></enttyp><attr><attrlabl Sync="TRUE">OBJECTID</attrlabl><attalias Sync="TRUE">OBJECTID</attalias><attrtype Sync="TRUE">OID</attrtype><attwidth Sync="TRUE">4</attwidth><atprecis Sync="TRUE">10</atprecis><attscale Sync="TRUE">0</attscale><attrdef Sync="TRUE">Internal feature number.</attrdef><attrdefs Sync="TRUE">Esri</attrdefs><attrdomv><udom Sync="TRUE">Sequential unique whole numbers that are automatically generated.</udom></attrdomv></attr><attr><attrlabl Sync="TRUE">Shape</attrlabl><attalias Sync="TRUE">Shape</attalias><attrtype Sync="TRUE">Geometry</attrtype><attwidth Sync="TRUE">4</attwidth><atprecis Sync="TRUE">0</atprecis><attscale Sync="TRUE">0</attscale><attrdef Sync="TRUE">Feature geometry.</attrdef><attrdefs Sync="TRUE">Esri</attrdefs><attrdomv><udom Sync="TRUE">Coordinates defining the features.</udom></attrdomv></attr><attr><attrlabl Sync="TRUE">GEOCODIGO</attrlabl><attalias Sync="TRUE">GEOCODIGO</attalias><attrtype Sync="TRUE">String</attrtype><attwidth Sync="TRUE">9</attwidth><atprecis Sync="TRUE">0</atprecis><attscale Sync="TRUE">0</attscale></attr><attr><attrlabl Sync="TRUE">NOME</attrlabl><attalias Sync="TRUE">NOME</attalias><attrtype Sync="TRUE">String</attrtype><attwidth Sync="TRUE">50</attwidth><atprecis Sync="TRUE">0</atprecis><attscale Sync="TRUE">0</attscale></attr><attr><attrlabl Sync="TRUE">DIVDIS</attrlabl><attalias Sync="TRUE">DIVDIS</attalias><attrtype Sync="TRUE">String</attrtype><attwidth Sync="TRUE">3</attwidth><atprecis Sync="TRUE">0</atprecis><attscale Sync="TRUE">0</attscale></attr><attr><attrlabl Sync="TRUE">LAREAKM2</attrlabl><attalias Sync="TRUE">LAREAKM2</attalias><attrtype Sync="TRUE">Double</attrtype><attwidth Sync="TRUE">8</attwidth><atprecis Sync="TRUE">38</atprecis><attscale Sync="TRUE">8</attscale></attr><attr><attrlabl Sync="TRUE">Shape.area</attrlabl><attalias Sync="TRUE">Shape.area</attalias><attrtype Sync="TRUE">Double</attrtype><attwidth Sync="TRUE">0</attwidth><atprecis Sync="TRUE">0</atprecis><attscale Sync="TRUE">0</attscale></attr><attr><attrlabl Sync="TRUE">Shape.len</attrlabl><attalias Sync="TRUE">Shape.len</attalias><attrtype Sync="TRUE">Double</attrtype><attwidth Sync="TRUE">0</attwidth><atprecis Sync="TRUE">0</atprecis><attscale Sync="TRUE">0</attscale></attr></detailed></eainfo><mdDateSt Sync="TRUE">20160204</mdDateSt></metadata>
