<?xml version="1.0" encoding="UTF-8"?>
<metadata xml:lang="pt"><Esri><CreaDate>20161110</CreaDate><CreaTime>16064800</CreaTime><ArcGISFormat>1.0</ArcGISFormat><SyncOnce>FALSE</SyncOnce><DataProperties><itemProps><itemName Sync="TRUE">escritorio_cidade.DBO.Bairros</itemName><imsContentType Sync="TRUE">002</imsContentType><itemLocation><linkage Sync="TRUE">Server=serverec_sqlexpress; Service=sde:sqlserver:serverec\sqlexpress; Database=escritorio_cidade; Version=dbo.DEFAULT</linkage><protocol Sync="TRUE">ArcSDE Connection</protocol></itemLocation><itemSize Sync="TRUE">0.000</itemSize><nativeExtBox><westBL Sync="TRUE">220023.530400</westBL><eastBL Sync="TRUE">241934.857500</eastBL><southBL Sync="TRUE">6703047.712000</southBL><northBL Sync="TRUE">6720272.958500</northBL><exTypeCode Sync="TRUE">1</exTypeCode></nativeExtBox></itemProps><coordRef><type Sync="TRUE">Projected</type><geogcsn Sync="TRUE">GCS_SIRGAS_2000</geogcsn><csUnits Sync="TRUE">Linear Unit: Meter (1.000000)</csUnits><projcsn Sync="TRUE">SIRGAS_2000_UTM_Zone_22S</projcsn><peXml Sync="TRUE">&lt;ProjectedCoordinateSystem xsi:type='typens:ProjectedCoordinateSystem' xmlns:xsi='http://www.w3.org/2001/XMLSchema-instance' xmlns:xs='http://www.w3.org/2001/XMLSchema' xmlns:typens='http://www.esri.com/schemas/ArcGIS/10.1'&gt;&lt;WKT&gt;PROJCS[&amp;quot;SIRGAS_2000_UTM_Zone_22S&amp;quot;,GEOGCS[&amp;quot;GCS_SIRGAS_2000&amp;quot;,DATUM[&amp;quot;D_SIRGAS_2000&amp;quot;,SPHEROID[&amp;quot;GRS_1980&amp;quot;,6378137.0,298.257222101]],PRIMEM[&amp;quot;Greenwich&amp;quot;,0.0],UNIT[&amp;quot;Degree&amp;quot;,0.0174532925199433]],PROJECTION[&amp;quot;Transverse_Mercator&amp;quot;],PARAMETER[&amp;quot;False_Easting&amp;quot;,500000.0],PARAMETER[&amp;quot;False_Northing&amp;quot;,10000000.0],PARAMETER[&amp;quot;Central_Meridian&amp;quot;,-51.0],PARAMETER[&amp;quot;Scale_Factor&amp;quot;,0.9996],PARAMETER[&amp;quot;Latitude_Of_Origin&amp;quot;,0.0],UNIT[&amp;quot;Meter&amp;quot;,1.0],AUTHORITY[&amp;quot;EPSG&amp;quot;,31982]]&lt;/WKT&gt;&lt;XOrigin&gt;-5120900&lt;/XOrigin&gt;&lt;YOrigin&gt;1900&lt;/YOrigin&gt;&lt;XYScale&gt;10000&lt;/XYScale&gt;&lt;ZOrigin&gt;0&lt;/ZOrigin&gt;&lt;ZScale&gt;1&lt;/ZScale&gt;&lt;MOrigin&gt;0&lt;/MOrigin&gt;&lt;MScale&gt;1&lt;/MScale&gt;&lt;XYTolerance&gt;0.001&lt;/XYTolerance&gt;&lt;ZTolerance&gt;0.001&lt;/ZTolerance&gt;&lt;MTolerance&gt;0.001&lt;/MTolerance&gt;&lt;HighPrecision&gt;true&lt;/HighPrecision&gt;&lt;WKID&gt;31982&lt;/WKID&gt;&lt;LatestWKID&gt;31982&lt;/LatestWKID&gt;&lt;/ProjectedCoordinateSystem&gt;</peXml></coordRef><lineage><Process ToolSource="c:\program files\arcgis\desktop10.1\ArcToolbox\Toolboxes\Conversion Tools.tbx\FeatureClassToFeatureClass" Date="20151120" Time="093504" Name="" export="">FeatureClassToFeatureClass C:\Users\alan\Desktop\Atualização_Area_Urbana\Bairros.shp C:\Users\alan\Desktop\Atualização_Area_Urbana\atualizacao_area_urbana.gdb Bairros # "OBJECTID_1 "OBJECTID_1" true true false 9 Long 0 9 ,First,#,C:\Users\alan\Desktop\Atualização_Area_Urbana\Bairros.shp,OBJECTID_1,-1,-1;FID_1 "FID_1" true true false 9 Long 0 9 ,First,#,C:\Users\alan\Desktop\Atualização_Area_Urbana\Bairros.shp,FID_1,-1,-1;AREA "AREA" true true false 19 Double 0 0 ,First,#,C:\Users\alan\Desktop\Atualização_Area_Urbana\Bairros.shp,AREA,-1,-1;CD_GEOCODS "CD_GEOCODS" true true false 11 Text 0 0 ,First,#,C:\Users\alan\Desktop\Atualização_Area_Urbana\Bairros.shp,CD_GEOCODS,-1,-1;CD_GEOCODB "CD_GEOCODB" true true false 12 Text 0 0 ,First,#,C:\Users\alan\Desktop\Atualização_Area_Urbana\Bairros.shp,CD_GEOCODB,-1,-1;GEOCODIGO "GEOCODIGO" true true false 10 Text 0 0 ,First,#,C:\Users\alan\Desktop\Atualização_Area_Urbana\Bairros.shp,GEOCODIGO,-1,-1;BAIRRO "BAIRRO" true true false 50 Text 0 0 ,First,#,C:\Users\alan\Desktop\Atualização_Area_Urbana\Bairros.shp,BAIRRO,-1,-1;LAREAHA "LAREAHA" true true false 19 Double 0 0 ,First,#,C:\Users\alan\Desktop\Atualização_Area_Urbana\Bairros.shp,LAREAHA,-1,-1;LAREAKM2 "LAREAKM2" true true false 19 Double 0 0 ,First,#,C:\Users\alan\Desktop\Atualização_Area_Urbana\Bairros.shp,LAREAKM2,-1,-1;LPERIMM "LPERIMM" true true false 19 Double 0 0 ,First,#,C:\Users\alan\Desktop\Atualização_Area_Urbana\Bairros.shp,LPERIMM,-1,-1;LPERIMK "LPERIMK" true true false 19 Double 0 0 ,First,#,C:\Users\alan\Desktop\Atualização_Area_Urbana\Bairros.shp,LPERIMK,-1,-1;AREA_KM2 "AREA_KM2" true true false 19 Double 0 0 ,First,#,C:\Users\alan\Desktop\Atualização_Area_Urbana\Bairros.shp,AREA_KM2,-1,-1;PERIM_KM "PERIM_KM" true true false 19 Double 0 0 ,First,#,C:\Users\alan\Desktop\Atualização_Area_Urbana\Bairros.shp,PERIM_KM,-1,-1;area_1 "area_1" true true false 19 Double 0 0 ,First,#,C:\Users\alan\Desktop\Atualização_Area_Urbana\Bairros.shp,area_1,-1,-1;len "len" true true false 19 Double 0 0 ,First,#,C:\Users\alan\Desktop\Atualização_Area_Urbana\Bairros.shp,len,-1,-1;Shape_Leng "Shape_Leng" true true false 19 Double 0 0 ,First,#,C:\Users\alan\Desktop\Atualização_Area_Urbana\Bairros.shp,Shape_Leng,-1,-1;Shape_Area "Shape_Area" true true false 19 Double 0 0 ,First,#,C:\Users\alan\Desktop\Atualização_Area_Urbana\Bairros.shp,Shape_Area,-1,-1" #</Process><Process ToolSource="c:\program files\arcgis\desktop10.1\ArcToolbox\Toolboxes\Data Management Tools.tbx\CopyFeatures" Date="20151230" Time="092834" Name="" export="">CopyFeatures C:\Users\alan\Desktop\Shapes_Atualizados\Atualizar\atualizacao_area_urbana.gdb\Bairros C:\Users\alan\Desktop\Shapes_Atualizados\atualizacao_30_12_2015.gdb\Bairros # 0 0 0</Process><Process ToolSource="c:\program files\arcgis\desktop10.1\ArcToolbox\Toolboxes\Data Management Tools.tbx\CopyFeatures" Date="20160104" Time="115717" Name="" export="">CopyFeatures \\SERVEREC\Geoprocessamento\GDB_Backup_Historico\Producao.gdb\Base\Bairros_2015_12_30 C:\Users\alan\Desktop\arrumar\Bairros_2015_12_30.shp # 0 0 0</Process><Process ToolSource="c:\program files\arcgis\desktop10.1\ArcToolbox\Toolboxes\Data Management Tools.tbx\CopyFeatures" Date="20160105" Time="102754">CopyFeatures C:\Users\alan\Desktop\arrumar\Bairros_2016_01_04.shp C:\Users\alan\Desktop\arrumar\arrumar.gdb\Bairros_2016_01_04 # 0 0 0</Process><Process ToolSource="c:\program files\arcgis\desktop10.2\ArcToolbox\Toolboxes\Data Management Tools.tbx\Project" Date="20161110" Time="160648">Project "IPLAN - Bairros (adaptado)" C:\Users\alan\Desktop\zonea10\bairros.shp GEOGCS['GCS_WGS_1984',DATUM['D_WGS_1984',SPHEROID['WGS_1984',6378137.0,298.257223563]],PRIMEM['Greenwich',0.0],UNIT['Degree',0.0174532925199433]] SIRGAS_2000_To_WGS_1984_1 PROJCS['SIRGAS_2000_UTM_Zone_22S',GEOGCS['GCS_SIRGAS_2000',DATUM['D_SIRGAS_2000',SPHEROID['GRS_1980',6378137.0,298.257222101]],PRIMEM['Greenwich',0.0],UNIT['Degree',0.0174532925199433]],PROJECTION['Transverse_Mercator'],PARAMETER['False_Easting',500000.0],PARAMETER['False_Northing',10000000.0],PARAMETER['Central_Meridian',-51.0],PARAMETER['Scale_Factor',0.9996],PARAMETER['Latitude_Of_Origin',0.0],UNIT['Meter',1.0]]</Process></lineage></DataProperties><SyncDate>20161013</SyncDate><SyncTime>13140800</SyncTime><ModDate>20161013</ModDate><ModTime>13140800</ModTime><scaleRange><minScale>150000000</minScale><maxScale>5000</maxScale></scaleRange><ArcGISProfile>ItemDescription</ArcGISProfile></Esri><dataIdInfo><envirDesc Sync="TRUE">Microsoft Windows 7 Version 6.1 (Build 7601) Service Pack 1; Esri ArcGIS 10.2.2.3552</envirDesc><dataLang><languageCode value="por" Sync="TRUE"/><countryCode value="BRA" Sync="TRUE"/></dataLang><idCitation><resTitle Sync="FALSE">Bairros do 1 Distrito Sede de Santa Maria</resTitle><presForm><PresFormCd value="005" Sync="TRUE"/></presForm></idCitation><spatRpType><SpatRepTypCd value="001" Sync="TRUE"/></spatRpType><idPurp>Divisao Administrativa do Distrito Sede de Santa Maria quanto aos Bairros, Conforme Plano Diretor de Desenvolvimento Urbano Ambiental, Lei Complementar n 042/2006. Inclusas leis complementares 101 e 102/2015</idPurp><idAbs>&lt;DIV STYLE="text-align:Left;"&gt;&lt;DIV&gt;&lt;DIV&gt;&lt;P&gt;&lt;SPAN&gt;Inclusao novamente dos campos faltantes e correcao de banco de dados.&lt;/SPAN&gt;&lt;/P&gt;&lt;P&gt;&lt;SPAN /&gt;&lt;/P&gt;&lt;P&gt;&lt;SPAN&gt;CAMPO DE ATRIBUTOS&lt;/SPAN&gt;&lt;/P&gt;&lt;P&gt;&lt;SPAN&gt;LEGENDA: nome do campo, var, delimitacao, casas depois da virgula&lt;/SPAN&gt;&lt;/P&gt;&lt;P&gt;&lt;SPAN&gt;CD_GEOCODS,C,11 geocodigo regiao administrativa&lt;/SPAN&gt;&lt;/P&gt;&lt;P&gt;&lt;SPAN&gt;CD_GEOCODB,C,12 geocodigo shape bairros setores censitarios&lt;/SPAN&gt;&lt;/P&gt;&lt;P&gt;&lt;SPAN&gt;GEOCODIGO,C,10 geocodigo SIDRA bairros&lt;/SPAN&gt;&lt;/P&gt;&lt;P&gt;&lt;SPAN&gt;NOME&lt;/SPAN&gt;&lt;SPAN&gt;,C,50 nome de bairro sem acentuacao&lt;/SPAN&gt;&lt;/P&gt;&lt;P&gt;&lt;SPAN&gt;LAREAHA,N,10,2 area da lei complementar em hectare&lt;/SPAN&gt;&lt;/P&gt;&lt;P&gt;&lt;SPAN&gt;LAREAKM2,N,10,2 area da lei complementar em km2&lt;/SPAN&gt;&lt;/P&gt;&lt;P&gt;&lt;SPAN&gt;LPERIMM,N,10,2 perimetro da lei complementar em m&lt;/SPAN&gt;&lt;/P&gt;&lt;P&gt;&lt;SPAN&gt;LPERIMK,N,10,2 perimetro da lei complementar em km&lt;/SPAN&gt;&lt;/P&gt;&lt;P&gt;&lt;SPAN&gt;AREA_KM2,N,19,11 area do desenho cad em km2&lt;/SPAN&gt;&lt;/P&gt;&lt;P&gt;&lt;SPAN&gt;PERIM_KM,N,19,11 perimetro do desenho cad em km2&lt;/SPAN&gt;&lt;/P&gt;&lt;P&gt;&lt;SPAN&gt;C - char(string) (letras)&lt;/SPAN&gt;&lt;/P&gt;&lt;P&gt;&lt;SPAN&gt;N- number(numeros)&lt;/SPAN&gt;&lt;/P&gt;&lt;P&gt;&lt;SPAN&gt;Usar Transparencia entre 50% para aparecer a malha viaria e - ou para ficar de fundo no kmz.&lt;/SPAN&gt;&lt;/P&gt;&lt;P&gt;&lt;SPAN&gt;DICA: Para o kmz ou outros mapas tematicos, fazer JOIN entre &lt;/SPAN&gt;&lt;SPAN&gt;CD_&lt;/SPAN&gt;&lt;SPAN&gt;GEOCODS e GEOCODIGO com o Geodatabase "Regioes_Administrativas" para assinalar as Regioes Administrativas correspondentes para cada bairro.&lt;/SPAN&gt;&lt;/P&gt;&lt;P&gt;&lt;SPAN /&gt;&lt;/P&gt;&lt;/DIV&gt;&lt;/DIV&gt;&lt;/DIV&gt;</idAbs><idCredit>Alterado por Analissa do Prado 04-01-2016</idCredit><searchKeys><keyword>Divisao Administrativa</keyword><keyword>Administracao</keyword><keyword>Direcao</keyword><keyword>Territorio</keyword><keyword>Politica</keyword><keyword>Atuacao</keyword><keyword>Historia</keyword></searchKeys><dataExt><geoEle><GeoBndBox esriExtentType="search"><exTypeCode Sync="TRUE">1</exTypeCode><westBL Sync="TRUE">-53.895635</westBL><eastBL Sync="TRUE">-53.665128</eastBL><northBL Sync="TRUE">-29.615982</northBL><southBL Sync="TRUE">-29.776008</southBL></GeoBndBox></geoEle></dataExt></dataIdInfo><mdLang><languageCode value="por" Sync="TRUE"/><countryCode value="BRA" Sync="TRUE"/></mdLang><distInfo><distFormat><formatName Sync="TRUE">SDE Feature Class</formatName></distFormat><distTranOps><transSize Sync="TRUE">0.000</transSize></distTranOps></distInfo><mdHrLv><ScopeCd value="005" Sync="TRUE"/></mdHrLv><mdHrLvName Sync="TRUE">dataset</mdHrLvName><refSysInfo><RefSystem><refSysID><identCode code="31982" Sync="TRUE" value="31982"/><idCodeSpace Sync="TRUE">EPSG</idCodeSpace><idVersion Sync="TRUE">8.2.6</idVersion></refSysID></RefSystem></refSysInfo><spatRepInfo><VectSpatRep><geometObjs Name="escritorio_cidade.DBO.Bairros"><geoObjTyp><GeoObjTypCd value="002" Sync="TRUE"/></geoObjTyp><geoObjCnt Sync="TRUE">42</geoObjCnt></geometObjs><topLvl><TopoLevCd value="001" Sync="TRUE"/></topLvl></VectSpatRep></spatRepInfo><spdoinfo><ptvctinf><esriterm Name="escritorio_cidade.DBO.Bairros"><efeatyp Sync="TRUE">Simple</efeatyp><efeageom code="4" Sync="TRUE"/><esritopo Sync="TRUE">FALSE</esritopo><efeacnt Sync="TRUE">42</efeacnt><spindex Sync="TRUE">TRUE</spindex><linrefer Sync="TRUE">FALSE</linrefer></esriterm></ptvctinf></spdoinfo><eainfo><detailed Name="escritorio_cidade.DBO.Bairros"><enttyp><enttypl Sync="TRUE">escritorio_cidade.DBO.Bairros</enttypl><enttypt Sync="TRUE">Feature Class</enttypt><enttypc Sync="TRUE">42</enttypc></enttyp><attr><attrlabl Sync="TRUE">OBJECTID</attrlabl><attalias Sync="TRUE">OBJECTID</attalias><attrtype Sync="TRUE">OID</attrtype><attwidth Sync="TRUE">4</attwidth><atprecis Sync="TRUE">10</atprecis><attscale Sync="TRUE">0</attscale><attrdef Sync="TRUE">Internal feature number.</attrdef><attrdefs Sync="TRUE">Esri</attrdefs><attrdomv><udom Sync="TRUE">Sequential unique whole numbers that are automatically generated.</udom></attrdomv></attr><attr><attrlabl Sync="TRUE">Shape</attrlabl><attalias Sync="TRUE">Shape</attalias><attrtype Sync="TRUE">Geometry</attrtype><attwidth Sync="TRUE">4</attwidth><atprecis Sync="TRUE">0</atprecis><attscale Sync="TRUE">0</attscale><attrdef Sync="TRUE">Feature geometry.</attrdef><attrdefs Sync="TRUE">Esri</attrdefs><attrdomv><udom Sync="TRUE">Coordinates defining the features.</udom></attrdomv></attr><attr><attrlabl Sync="TRUE">CD_GEOCODS</attrlabl><attalias Sync="TRUE">CD_GEOCODS</attalias><attrtype Sync="TRUE">String</attrtype><attwidth Sync="TRUE">11</attwidth><atprecis Sync="TRUE">0</atprecis><attscale Sync="TRUE">0</attscale></attr><attr><attrlabl Sync="TRUE">CD_GEOCODB</attrlabl><attalias Sync="TRUE">CD_GEOCODB</attalias><attrtype Sync="TRUE">String</attrtype><attwidth Sync="TRUE">12</attwidth><atprecis Sync="TRUE">0</atprecis><attscale Sync="TRUE">0</attscale></attr><attr><attrlabl Sync="TRUE">GEOCODIGO</attrlabl><attalias Sync="TRUE">GEOCODIGO</attalias><attrtype Sync="TRUE">String</attrtype><attwidth Sync="TRUE">10</attwidth><atprecis Sync="TRUE">0</atprecis><attscale Sync="TRUE">0</attscale></attr><attr><attrlabl Sync="TRUE">NOME</attrlabl><attalias Sync="TRUE">NOME</attalias><attrtype Sync="TRUE">String</attrtype><attwidth Sync="TRUE">50</attwidth><atprecis Sync="TRUE">0</atprecis><attscale Sync="TRUE">0</attscale></attr><attr><attrlabl Sync="TRUE">LAREAHA</attrlabl><attalias Sync="TRUE">LAREAHA</attalias><attrtype Sync="TRUE">Double</attrtype><attwidth Sync="TRUE">8</attwidth><atprecis Sync="TRUE">38</atprecis><attscale Sync="TRUE">8</attscale></attr><attr><attrlabl Sync="TRUE">LAREAKM2</attrlabl><attalias Sync="TRUE">LAREAKM2</attalias><attrtype Sync="TRUE">Double</attrtype><attwidth Sync="TRUE">8</attwidth><atprecis Sync="TRUE">38</atprecis><attscale Sync="TRUE">8</attscale></attr><attr><attrlabl Sync="TRUE">LPERIMM</attrlabl><attalias Sync="TRUE">LPERIMM</attalias><attrtype Sync="TRUE">Double</attrtype><attwidth Sync="TRUE">8</attwidth><atprecis Sync="TRUE">38</atprecis><attscale Sync="TRUE">8</attscale></attr><attr><attrlabl Sync="TRUE">LPERIMK</attrlabl><attalias Sync="TRUE">LPERIMK</attalias><attrtype Sync="TRUE">Double</attrtype><attwidth Sync="TRUE">8</attwidth><atprecis Sync="TRUE">38</atprecis><attscale Sync="TRUE">8</attscale></attr><attr><attrlabl Sync="TRUE">Shape.area</attrlabl><attalias Sync="TRUE">Shape.area</attalias><attrtype Sync="TRUE">Double</attrtype><attwidth Sync="TRUE">0</attwidth><atprecis Sync="TRUE">0</atprecis><attscale Sync="TRUE">0</attscale></attr><attr><attrlabl Sync="TRUE">Shape.len</attrlabl><attalias Sync="TRUE">Shape.len</attalias><attrtype Sync="TRUE">Double</attrtype><attwidth Sync="TRUE">0</attwidth><atprecis Sync="TRUE">0</atprecis><attscale Sync="TRUE">0</attscale></attr></detailed></eainfo><mdDateSt Sync="TRUE">20161013</mdDateSt></metadata>
