<metadata xml:lang="pt"><Esri><CreaDate>20120524</CreaDate><CreaTime>09573400</CreaTime><SyncOnce>FALSE</SyncOnce><SyncDate>20160624</SyncDate><SyncTime>10372300</SyncTime><ModDate>20160624</ModDate><ModTime>10374000</ModTime><DataProperties><itemProps><itemName Sync="TRUE">Areas_Institucionais</itemName><itemLocation><linkage Sync="TRUE">file://\\GEO03\Users\alan\Desktop\atualizar_servidor\shapes_rosana\areas_institucionais\Areas_Institucionais.shp</linkage><protocol Sync="TRUE">Local Area Network</protocol></itemLocation><itemSize Sync="TRUE">0.048</itemSize><nativeExtBox><westBL Sync="TRUE">219433.422900</westBL><eastBL Sync="TRUE">250512.354801</eastBL><southBL Sync="TRUE">6705755.589771</southBL><northBL Sync="TRUE">6716212.827202</northBL><exTypeCode Sync="TRUE">1</exTypeCode></nativeExtBox><imsContentType Sync="TRUE">002</imsContentType></itemProps><coordRef><type Sync="TRUE">Projected</type><geogcsn Sync="TRUE">GCS_SIRGAS_2000</geogcsn><projcsn Sync="TRUE">SIRGAS_2000_UTM_Zone_22S</projcsn><peXml Sync="TRUE">&lt;ProjectedCoordinateSystem xsi:type='typens:ProjectedCoordinateSystem' xmlns:xsi='http://www.w3.org/2001/XMLSchema-instance' xmlns:xs='http://www.w3.org/2001/XMLSchema' xmlns:typens='http://www.esri.com/schemas/ArcGIS/10.1'&gt;&lt;WKT&gt;PROJCS[&amp;quot;SIRGAS_2000_UTM_Zone_22S&amp;quot;,GEOGCS[&amp;quot;GCS_SIRGAS_2000&amp;quot;,DATUM[&amp;quot;D_SIRGAS_2000&amp;quot;,SPHEROID[&amp;quot;GRS_1980&amp;quot;,6378137.0,298.257222101]],PRIMEM[&amp;quot;Greenwich&amp;quot;,0.0],UNIT[&amp;quot;Degree&amp;quot;,0.0174532925199433]],PROJECTION[&amp;quot;Transverse_Mercator&amp;quot;],PARAMETER[&amp;quot;False_Easting&amp;quot;,500000.0],PARAMETER[&amp;quot;False_Northing&amp;quot;,10000000.0],PARAMETER[&amp;quot;Central_Meridian&amp;quot;,-51.0],PARAMETER[&amp;quot;Scale_Factor&amp;quot;,0.9996],PARAMETER[&amp;quot;Latitude_Of_Origin&amp;quot;,0.0],UNIT[&amp;quot;Meter&amp;quot;,1.0],AUTHORITY[&amp;quot;EPSG&amp;quot;,31982]]&lt;/WKT&gt;&lt;XOrigin&gt;-5120900&lt;/XOrigin&gt;&lt;YOrigin&gt;1900&lt;/YOrigin&gt;&lt;XYScale&gt;450445547.3910538&lt;/XYScale&gt;&lt;ZOrigin&gt;-100000&lt;/ZOrigin&gt;&lt;ZScale&gt;10000&lt;/ZScale&gt;&lt;MOrigin&gt;-100000&lt;/MOrigin&gt;&lt;MScale&gt;10000&lt;/MScale&gt;&lt;XYTolerance&gt;0.001&lt;/XYTolerance&gt;&lt;ZTolerance&gt;0.001&lt;/ZTolerance&gt;&lt;MTolerance&gt;0.001&lt;/MTolerance&gt;&lt;HighPrecision&gt;true&lt;/HighPrecision&gt;&lt;WKID&gt;31982&lt;/WKID&gt;&lt;LatestWKID&gt;31982&lt;/LatestWKID&gt;&lt;/ProjectedCoordinateSystem&gt;</peXml><csUnits Sync="TRUE">Linear Unit: Meter (1.000000)</csUnits></coordRef><lineage><Process ToolSource="C:\Arquivos de programas\ArcGIS\Desktop10.0\ArcToolbox\Toolboxes\Conversion Tools.tbx\FeatureClassToFeatureClass" Date="20110628" Time="095118" Name="" export="">FeatureClassToFeatureClass D:\GEO1\Shapes_2009\Shapes_2009\Publicos_01.05.09\Publicos_smar.shp "Database Connections\Connection Banco Geo1.sde" Areas_Publicas # "Nome "Nome" true true false 50 Text 0 0 ,First,#,D:\GEO1\Shapes_2009\Shapes_2009\Publicos_01.05.09\Publicos_smar.shp,Nome,-1,-1;Endereco "Endereco" true true false 80 Text 0 0 ,First,#,D:\GEO1\Shapes_2009\Shapes_2009\Publicos_01.05.09\Publicos_smar.shp,EndereÃƒÆ’Ã‚Â§o,-1,-1;Bairro "Bairro" true true false 60 Text 0 0 ,First,#,D:\GEO1\Shapes_2009\Shapes_2009\Publicos_01.05.09\Publicos_smar.shp,Bairro,-1,-1;Orientacao "Orientacao" true true false 30 Text 0 0 ,First,#,D:\GEO1\Shapes_2009\Shapes_2009\Publicos_01.05.09\Publicos_smar.shp,OrientaÃƒÆ’Ã‚Â§ÃƒÆ’Ã‚Â£o,-1,-1;Quadra "Quadra" true true false 10 Double 0 10 ,First,#,D:\GEO1\Shapes_2009\Shapes_2009\Publicos_01.05.09\Publicos_smar.shp,Quadra,-1,-1;Lote "Lote" true true false 10 Double 0 10 ,First,#,D:\GEO1\Shapes_2009\Shapes_2009\Publicos_01.05.09\Publicos_smar.shp,Lote,-1,-1;Testada "Testada" true true false 2 Short 0 2 ,First,#,D:\GEO1\Shapes_2009\Shapes_2009\Publicos_01.05.09\Publicos_smar.shp,Testada,-1,-1;Categoria "Categoria" true true false 60 Text 0 0 ,First,#,D:\GEO1\Shapes_2009\Shapes_2009\Publicos_01.05.09\Publicos_smar.shp,Categoria,-1,-1;Unidade_Residencial "Unidade_Residencial" true true false 80 Text 0 0 ,First,#,D:\GEO1\Shapes_2009\Shapes_2009\Publicos_01.05.09\Publicos_smar.shp,Unid_Resid,-1,-1;Nota "Nota" true true false 80 Text 0 0 ,First,#,D:\GEO1\Shapes_2009\Shapes_2009\Publicos_01.05.09\Publicos_smar.shp,Nota,-1,-1;Propriede "Propriede" true true false 70 Text 0 0 ,First,#,D:\GEO1\Shapes_2009\Shapes_2009\Publicos_01.05.09\Publicos_smar.shp,Propried,-1,-1;Uso_Solo "Uso_Solo" true true false 70 Text 0 0 ,First,#,D:\GEO1\Shapes_2009\Shapes_2009\Publicos_01.05.09\Publicos_smar.shp,Uso_Solo,-1,-1;CEP "CEP" true true false 12 Double 0 12 ,First,#,D:\GEO1\Shapes_2009\Shapes_2009\Publicos_01.05.09\Publicos_smar.shp,CEP,-1,-1;Equipo "Equipo" true true false 150 Text 0 0 ,First,#,D:\GEO1\Shapes_2009\Shapes_2009\Publicos_01.05.09\Publicos_smar.shp,Equipo,-1,-1;Area_Total "Area_Total" true true false 19 Double 0 0 ,First,#,D:\GEO1\Shapes_2009\Shapes_2009\Publicos_01.05.09\Publicos_smar.shp,ÃƒÆ’Ã‚Ârea_Total,-1,-1;Situacao "Situacao" true true false 120 Text 0 0 ,First,#,D:\GEO1\Shapes_2009\Shapes_2009\Publicos_01.05.09\Publicos_smar.shp,SituaÃƒÆ’Ã‚Â§ÃƒÆ’Ã‚Â£o,-1,-1;Legislacao "Legislacao" true true false 100 Text 0 0 ,First,#,D:\GEO1\Shapes_2009\Shapes_2009\Publicos_01.05.09\Publicos_smar.shp,LegislaÃƒÆ’Ã‚Â§ÃƒÆ’Ã‚Â£o,-1,-1;Id "Id" true true false 50 Text 0 0 ,First,#,D:\GEO1\Shapes_2009\Shapes_2009\Publicos_01.05.09\Publicos_smar.shp,Id,-1,-1;Setor "Setor" true true false 50 Text 0 0 ,First,#,D:\GEO1\Shapes_2009\Shapes_2009\Publicos_01.05.09\Publicos_smar.shp,Setor,-1,-1;US_2009 "US_2009" true true false 190 Text 0 0 ,First,#,D:\GEO1\Shapes_2009\Shapes_2009\Publicos_01.05.09\Publicos_smar.shp,US_2009,-1,-1;Cadastro "Cadastro" true true false 9 Long 0 9 ,First,#,D:\GEO1\Shapes_2009\Shapes_2009\Publicos_01.05.09\Publicos_smar.shp,Cadastro,-1,-1;Fonte_Info "Fonte_Info" true true false 100 Text 0 0 ,First,#,D:\GEO1\Shapes_2009\Shapes_2009\Publicos_01.05.09\Publicos_smar.shp,Fonte_Info,-1,-1;Foto "Foto" true true false 160 Text 0 0 ,First,#,D:\GEO1\Shapes_2009\Shapes_2009\Publicos_01.05.09\Publicos_smar.shp,Foto,-1,-1;Area_calcu "Area_calcu" true true false 19 Double 0 0 ,First,#,D:\GEO1\Shapes_2009\Shapes_2009\Publicos_01.05.09\Publicos_smar.shp,Area_calcu,-1,-1" #</Process><Process ToolSource="C:\Arquivos de programas\ArcGIS\Desktop10.0\ArcToolbox\Toolboxes\Conversion Tools.tbx\FeatureClassToFeatureClass" Date="20110628" Time="095532" Name="" export="">FeatureClassToFeatureClass "Database Connections\Connection Banco Geo1.sde\geo1.DBO.Areas_Publicas" D:\GEO1\Shapes_2009\EdiÃƒÆ’Ã‚Â§ÃƒÆ’Ã‚Â£o_TemporÃƒÆ’Ã‚Â¡ria\Edicao_Temporaria.mdb Areas_Publicas # "Nome "Nome" true true false 50 Text 0 0 ,First,#,Database Connections\Connection Banco Geo1.sde\geo1.DBO.Areas_Publicas,Nome,-1,-1;Endereco "Endereco" true true false 80 Text 0 0 ,First,#,Database Connections\Connection Banco Geo1.sde\geo1.DBO.Areas_Publicas,Endereco,-1,-1;Bairro "Bairro" true true false 60 Text 0 0 ,First,#,Database Connections\Connection Banco Geo1.sde\geo1.DBO.Areas_Publicas,Bairro,-1,-1;Orientacao "Orientacao" true true false 30 Text 0 0 ,First,#,Database Connections\Connection Banco Geo1.sde\geo1.DBO.Areas_Publicas,Orientacao,-1,-1;Quadra "Quadra" true true false 8 Double 0 10 ,First,#,Database Connections\Connection Banco Geo1.sde\geo1.DBO.Areas_Publicas,Quadra,-1,-1;Lote "Lote" true true false 8 Double 0 10 ,First,#,Database Connections\Connection Banco Geo1.sde\geo1.DBO.Areas_Publicas,Lote,-1,-1;Testada "Testada" true true false 2 Short 0 5 ,First,#,Database Connections\Connection Banco Geo1.sde\geo1.DBO.Areas_Publicas,Testada,-1,-1;Categoria "Categoria" true true false 60 Text 0 0 ,First,#,Database Connections\Connection Banco Geo1.sde\geo1.DBO.Areas_Publicas,Categoria,-1,-1;Unidade_Residencial "Unidade_Residencial" true true false 80 Text 0 0 ,First,#,Database Connections\Connection Banco Geo1.sde\geo1.DBO.Areas_Publicas,Unidade_Residencial,-1,-1;Nota "Nota" true true false 80 Text 0 0 ,First,#,Database Connections\Connection Banco Geo1.sde\geo1.DBO.Areas_Publicas,Nota,-1,-1;Propriede "Propriede" true true false 70 Text 0 0 ,First,#,Database Connections\Connection Banco Geo1.sde\geo1.DBO.Areas_Publicas,Propriede,-1,-1;Uso_Solo "Uso_Solo" true true false 70 Text 0 0 ,First,#,Database Connections\Connection Banco Geo1.sde\geo1.DBO.Areas_Publicas,Uso_Solo,-1,-1;CEP "CEP" true true false 8 Double 0 12 ,First,#,Database Connections\Connection Banco Geo1.sde\geo1.DBO.Areas_Publicas,CEP,-1,-1;Equipo "Equipo" true true false 150 Text 0 0 ,First,#,Database Connections\Connection Banco Geo1.sde\geo1.DBO.Areas_Publicas,Equipo,-1,-1;Area_Total "Area_Total" true true false 8 Double 8 38 ,First,#,Database Connections\Connection Banco Geo1.sde\geo1.DBO.Areas_Publicas,Area_Total,-1,-1;Situacao "Situacao" true true false 120 Text 0 0 ,First,#,Database Connections\Connection Banco Geo1.sde\geo1.DBO.Areas_Publicas,Situacao,-1,-1;Legislacao "Legislacao" true true false 100 Text 0 0 ,First,#,Database Connections\Connection Banco Geo1.sde\geo1.DBO.Areas_Publicas,Legislacao,-1,-1;Id "Id" true true false 50 Text 0 0 ,First,#,Database Connections\Connection Banco Geo1.sde\geo1.DBO.Areas_Publicas,Id,-1,-1;Setor "Setor" true true false 50 Text 0 0 ,First,#,Database Connections\Connection Banco Geo1.sde\geo1.DBO.Areas_Publicas,Setor,-1,-1;US_2009 "US_2009" true true false 190 Text 0 0 ,First,#,Database Connections\Connection Banco Geo1.sde\geo1.DBO.Areas_Publicas,US_2009,-1,-1;Cadastro "Cadastro" true true false 4 Long 0 10 ,First,#,Database Connections\Connection Banco Geo1.sde\geo1.DBO.Areas_Publicas,Cadastro,-1,-1;Fonte_Info "Fonte_Info" true true false 100 Text 0 0 ,First,#,Database Connections\Connection Banco Geo1.sde\geo1.DBO.Areas_Publicas,Fonte_Info,-1,-1;Foto "Foto" true true false 160 Text 0 0 ,First,#,Database Connections\Connection Banco Geo1.sde\geo1.DBO.Areas_Publicas,Foto,-1,-1;Area_calcu "Area_calcu" true true false 8 Double 8 38 ,First,#,Database Connections\Connection Banco Geo1.sde\geo1.DBO.Areas_Publicas,Area_calcu,-1,-1;Shape_area "Shape_area" false false true 0 Double 0 0 ,First,#,Database Connections\Connection Banco Geo1.sde\geo1.DBO.Areas_Publicas,Shape.area,-1,-1;Shape_len "Shape_len" false false true 0 Double 0 0 ,First,#,Database Connections\Connection Banco Geo1.sde\geo1.DBO.Areas_Publicas,Shape.len,-1,-1" #</Process><Process ToolSource="C:\Program Files\ArcGIS\Desktop10.0\ArcToolbox\Toolboxes\Conversion Tools.tbx\FeatureClassToFeatureClass" Date="20120719" Time="082026" Name="" export="">FeatureClassToFeatureClass "Database Connections\escritorio_cidade.sde\escritorio_cidade.DBO.Areas_Publicas\escritorio_cidade.DBO.Areas_Institucionais" C:\Arquivos_EC_D\GEO1\Shapes_2009\Shapes_2009\Areas_Institucionais_19-07-2012 1.shp # "Nome "Nome" true true false 50 Text 0 0 ,First,#,Database Connections\escritorio_cidade.sde\escritorio_cidade.DBO.Areas_Publicas\escritorio_cidade.DBO.Areas_Institucionais,Nome,-1,-1;Endereco "Endereco" true true false 80 Text 0 0 ,First,#,Database Connections\escritorio_cidade.sde\escritorio_cidade.DBO.Areas_Publicas\escritorio_cidade.DBO.Areas_Institucionais,Endereco,-1,-1;Bairro "Bairro" true true false 60 Text 0 0 ,First,#,Database Connections\escritorio_cidade.sde\escritorio_cidade.DBO.Areas_Publicas\escritorio_cidade.DBO.Areas_Institucionais,Bairro,-1,-1;Orientacao "Orientacao" true true false 30 Text 0 0 ,First,#,Database Connections\escritorio_cidade.sde\escritorio_cidade.DBO.Areas_Publicas\escritorio_cidade.DBO.Areas_Institucionais,Orientacao,-1,-1;Quadra "Quadra" true true false 8 Double 8 38 ,First,#,Database Connections\escritorio_cidade.sde\escritorio_cidade.DBO.Areas_Publicas\escritorio_cidade.DBO.Areas_Institucionais,Quadra,-1,-1;Lote "Lote" true true false 8 Double 8 38 ,First,#,Database Connections\escritorio_cidade.sde\escritorio_cidade.DBO.Areas_Publicas\escritorio_cidade.DBO.Areas_Institucionais,Lote,-1,-1;Testada "Testada" true true false 2 Short 0 5 ,First,#,Database Connections\escritorio_cidade.sde\escritorio_cidade.DBO.Areas_Publicas\escritorio_cidade.DBO.Areas_Institucionais,Testada,-1,-1;Categoria "Categoria" true true false 60 Text 0 0 ,First,#,Database Connections\escritorio_cidade.sde\escritorio_cidade.DBO.Areas_Publicas\escritorio_cidade.DBO.Areas_Institucionais,Categoria,-1,-1;Unidade_Re "Unidade_Residencial" true true false 80 Text 0 0 ,First,#,Database Connections\escritorio_cidade.sde\escritorio_cidade.DBO.Areas_Publicas\escritorio_cidade.DBO.Areas_Institucionais,Unidade_Residencial,-1,-1;Nota "Nota" true true false 80 Text 0 0 ,First,#,Database Connections\escritorio_cidade.sde\escritorio_cidade.DBO.Areas_Publicas\escritorio_cidade.DBO.Areas_Institucionais,Nota,-1,-1;Propriede "Propriede" true true false 70 Text 0 0 ,First,#,Database Connections\escritorio_cidade.sde\escritorio_cidade.DBO.Areas_Publicas\escritorio_cidade.DBO.Areas_Institucionais,Propriede,-1,-1;Uso_Solo "Uso_Solo" true true false 70 Text 0 0 ,First,#,Database Connections\escritorio_cidade.sde\escritorio_cidade.DBO.Areas_Publicas\escritorio_cidade.DBO.Areas_Institucionais,Uso_Solo,-1,-1;CEP "CEP" true true false 8 Double 8 38 ,First,#,Database Connections\escritorio_cidade.sde\escritorio_cidade.DBO.Areas_Publicas\escritorio_cidade.DBO.Areas_Institucionais,CEP,-1,-1;Equipo "Equipo" true true false 150 Text 0 0 ,First,#,Database Connections\escritorio_cidade.sde\escritorio_cidade.DBO.Areas_Publicas\escritorio_cidade.DBO.Areas_Institucionais,Equipo,-1,-1;Area_Total "Area_Total" true true false 8 Double 8 38 ,First,#,Database Connections\escritorio_cidade.sde\escritorio_cidade.DBO.Areas_Publicas\escritorio_cidade.DBO.Areas_Institucionais,Area_Total,-1,-1;Situacao "Situacao" true true false 120 Text 0 0 ,First,#,Database Connections\escritorio_cidade.sde\escritorio_cidade.DBO.Areas_Publicas\escritorio_cidade.DBO.Areas_Institucionais,Situacao,-1,-1;Legislacao "Legislacao" true true false 100 Text 0 0 ,First,#,Database Connections\escritorio_cidade.sde\escritorio_cidade.DBO.Areas_Publicas\escritorio_cidade.DBO.Areas_Institucionais,Legislacao,-1,-1;Id "Id" true true false 50 Text 0 0 ,First,#,Database Connections\escritorio_cidade.sde\escritorio_cidade.DBO.Areas_Publicas\escritorio_cidade.DBO.Areas_Institucionais,Id,-1,-1;Setor "Setor" true true false 50 Text 0 0 ,First,#,Database Connections\escritorio_cidade.sde\escritorio_cidade.DBO.Areas_Publicas\escritorio_cidade.DBO.Areas_Institucionais,Setor,-1,-1;US_2009 "US_2009" true true false 190 Text 0 0 ,First,#,Database Connections\escritorio_cidade.sde\escritorio_cidade.DBO.Areas_Publicas\escritorio_cidade.DBO.Areas_Institucionais,US_2009,-1,-1;Cadastro "Cadastro" true true false 4 Long 0 10 ,First,#,Database Connections\escritorio_cidade.sde\escritorio_cidade.DBO.Areas_Publicas\escritorio_cidade.DBO.Areas_Institucionais,Cadastro,-1,-1;Fonte_Info "Fonte_Info" true true false 100 Text 0 0 ,First,#,Database Connections\escritorio_cidade.sde\escritorio_cidade.DBO.Areas_Publicas\escritorio_cidade.DBO.Areas_Institucionais,Fonte_Info,-1,-1;Foto "Foto" true true false 160 Text 0 0 ,First,#,Database Connections\escritorio_cidade.sde\escritorio_cidade.DBO.Areas_Publicas\escritorio_cidade.DBO.Areas_Institucionais,Foto,-1,-1;Shape_area "Shape.area" false false true 0 Double 0 0 ,First,#,Database Connections\escritorio_cidade.sde\escritorio_cidade.DBO.Areas_Publicas\escritorio_cidade.DBO.Areas_Institucionais,Shape.area,-1,-1;Shape_len "Shape.len" false false true 0 Double 0 0 ,First,#,Database Connections\escritorio_cidade.sde\escritorio_cidade.DBO.Areas_Publicas\escritorio_cidade.DBO.Areas_Institucionais,Shape.len,-1,-1" #</Process></lineage></DataProperties><ArcGISProfile>ItemDescription</ArcGISProfile><ArcGISFormat xmlns:esri="http://www.esri.com/metadata/">1.0</ArcGISFormat><scaleRange><minScale>150000000</minScale><maxScale>5000</maxScale></scaleRange></Esri><eainfo><detailed Name="Areas_Institucionais"><enttyp><enttypl Sync="TRUE">Areas_Institucionais</enttypl><enttypt Sync="TRUE">Feature Class</enttypt><enttypc Sync="TRUE">263</enttypc></enttyp><attr><attrlabl Sync="TRUE">FID</attrlabl><attalias Sync="TRUE">FID</attalias><attrtype Sync="TRUE">OID</attrtype><attwidth Sync="TRUE">4</attwidth><atprecis Sync="TRUE">0</atprecis><attscale Sync="TRUE">0</attscale><attrdef Sync="TRUE">Internal feature number.</attrdef><attrdefs Sync="TRUE">ESRI</attrdefs><attrdomv><udom Sync="TRUE">Sequential unique whole numbers that are automatically generated.</udom></attrdomv></attr><attr><attrlabl Sync="TRUE">Shape</attrlabl><attalias Sync="TRUE">Shape</attalias><attrtype Sync="TRUE">Geometry</attrtype><attwidth Sync="TRUE">0</attwidth><atprecis Sync="TRUE">0</atprecis><attscale Sync="TRUE">0</attscale><attrdef Sync="TRUE">Feature geometry.</attrdef><attrdefs Sync="TRUE">ESRI</attrdefs><attrdomv><udom Sync="TRUE">Coordinates defining the features.</udom></attrdomv></attr><attr><attrlabl Sync="TRUE">Endereco</attrlabl><attalias Sync="TRUE">ENDERECO</attalias><attrtype Sync="TRUE">String</attrtype><attwidth Sync="TRUE">100</attwidth><atprecis Sync="TRUE">0</atprecis><attscale Sync="TRUE">0</attscale></attr><attr><attrlabl Sync="TRUE">Nome</attrlabl><attalias Sync="TRUE">NOME</attalias><attrtype Sync="TRUE">String</attrtype><attwidth Sync="TRUE">254</attwidth><atprecis Sync="TRUE">0</atprecis><attscale Sync="TRUE">0</attscale></attr><attr><attrlabl Sync="TRUE">Bairro</attrlabl><attalias Sync="TRUE">BAIRRO</attalias><attrtype Sync="TRUE">String</attrtype><attwidth Sync="TRUE">60</attwidth><atprecis Sync="TRUE">0</atprecis><attscale Sync="TRUE">0</attscale></attr><attr><attrlabl Sync="TRUE">Quadra</attrlabl><attalias Sync="TRUE">QUADRA</attalias><attrtype Sync="TRUE">String</attrtype><attwidth Sync="TRUE">5</attwidth><atprecis Sync="TRUE">0</atprecis><attscale Sync="TRUE">0</attscale></attr><attr><attrlabl Sync="TRUE">UNI_RES</attrlabl><attalias Sync="TRUE">UNI_RES</attalias><attrtype Sync="TRUE">String</attrtype><attwidth Sync="TRUE">100</attwidth><atprecis Sync="TRUE">0</atprecis><attscale Sync="TRUE">0</attscale></attr><attr><attrlabl Sync="TRUE">Lote</attrlabl><attalias Sync="TRUE">LOTE</attalias><attrtype Sync="TRUE">String</attrtype><attwidth Sync="TRUE">5</attwidth><atprecis Sync="TRUE">0</atprecis><attscale Sync="TRUE">0</attscale></attr><attr><attrlabl Sync="TRUE">ATOTALM2</attrlabl><attalias Sync="TRUE">ATOTALM2</attalias><attrtype Sync="TRUE">Double</attrtype><attwidth Sync="TRUE">19</attwidth><atprecis Sync="TRUE">18</atprecis><attscale Sync="TRUE">8</attscale></attr><attr><attrlabl Sync="TRUE">Testada</attrlabl><attalias Sync="TRUE">TESTADA</attalias><attrtype Sync="TRUE">Integer</attrtype><attwidth Sync="TRUE">5</attwidth><atprecis Sync="TRUE">5</atprecis><attscale Sync="TRUE">0</attscale></attr><attr><attrlabl Sync="TRUE">ORIEN</attrlabl><attalias Sync="TRUE">ORIEN</attalias><attrtype Sync="TRUE">String</attrtype><attwidth Sync="TRUE">3</attwidth><atprecis Sync="TRUE">0</atprecis><attscale Sync="TRUE">0</attscale></attr><attr><attrlabl Sync="TRUE">Uso_Solo</attrlabl><attalias Sync="TRUE">USO_SOLO</attalias><attrtype Sync="TRUE">String</attrtype><attwidth Sync="TRUE">50</attwidth><atprecis Sync="TRUE">0</atprecis><attscale Sync="TRUE">0</attscale></attr><attr><attrlabl Sync="TRUE">CEP</attrlabl><attalias Sync="TRUE">CEP</attalias><attrtype Sync="TRUE">String</attrtype><attwidth Sync="TRUE">10</attwidth><atprecis Sync="TRUE">0</atprecis><attscale Sync="TRUE">0</attscale></attr><attr><attrlabl Sync="TRUE">Equipo</attrlabl><attalias Sync="TRUE">EQUIPO</attalias><attrtype Sync="TRUE">String</attrtype><attwidth Sync="TRUE">150</attwidth><atprecis Sync="TRUE">0</atprecis><attscale Sync="TRUE">0</attscale></attr><attr><attrlabl Sync="TRUE">Id</attrlabl><attalias Sync="TRUE">ID</attalias><attrtype Sync="TRUE">String</attrtype><attwidth Sync="TRUE">20</attwidth><atprecis Sync="TRUE">0</atprecis><attscale Sync="TRUE">0</attscale></attr><attr><attrlabl Sync="TRUE">CATEG</attrlabl><attalias Sync="TRUE">CATEG</attalias><attrtype Sync="TRUE">String</attrtype><attwidth Sync="TRUE">60</attwidth><atprecis Sync="TRUE">0</atprecis><attscale Sync="TRUE">0</attscale></attr><attr><attrlabl Sync="TRUE">LEGIS</attrlabl><attalias Sync="TRUE">LEGIS</attalias><attrtype Sync="TRUE">String</attrtype><attwidth Sync="TRUE">100</attwidth><atprecis Sync="TRUE">0</atprecis><attscale Sync="TRUE">0</attscale></attr><attr><attrlabl Sync="TRUE">PROPRI</attrlabl><attalias Sync="TRUE">PROPRI</attalias><attrtype Sync="TRUE">String</attrtype><attwidth Sync="TRUE">30</attwidth><atprecis Sync="TRUE">0</atprecis><attscale Sync="TRUE">0</attscale></attr><attr><attrlabl Sync="TRUE">Setor</attrlabl><attalias Sync="TRUE">SETOR</attalias><attrtype Sync="TRUE">String</attrtype><attwidth Sync="TRUE">5</attwidth><atprecis Sync="TRUE">0</atprecis><attscale Sync="TRUE">0</attscale></attr><attr><attrlabl Sync="TRUE">US_2009</attrlabl><attalias Sync="TRUE">US_2009</attalias><attrtype Sync="TRUE">String</attrtype><attwidth Sync="TRUE">190</attwidth><atprecis Sync="TRUE">0</atprecis><attscale Sync="TRUE">0</attscale></attr><attr><attrlabl Sync="TRUE">Cadastro</attrlabl><attalias Sync="TRUE">CADASTRO</attalias><attrtype Sync="TRUE">String</attrtype><attwidth Sync="TRUE">10</attwidth><atprecis Sync="TRUE">0</atprecis><attscale Sync="TRUE">0</attscale></attr><attr><attrlabl Sync="TRUE">SITUA</attrlabl><attalias Sync="TRUE">SITUA</attalias><attrtype Sync="TRUE">String</attrtype><attwidth Sync="TRUE">254</attwidth><atprecis Sync="TRUE">0</atprecis><attscale Sync="TRUE">0</attscale></attr><attr><attrlabl Sync="TRUE">FONTE</attrlabl><attalias Sync="TRUE">FONTE</attalias><attrtype Sync="TRUE">String</attrtype><attwidth Sync="TRUE">254</attwidth><atprecis Sync="TRUE">0</atprecis><attscale Sync="TRUE">0</attscale></attr><attr><attrlabl Sync="TRUE">ATUAL</attrlabl><attalias Sync="TRUE">ATUAL</attalias><attrtype Sync="TRUE">String</attrtype><attwidth Sync="TRUE">100</attwidth><atprecis Sync="TRUE">0</atprecis><attscale Sync="TRUE">0</attscale></attr><attr><attrlabl Sync="TRUE">OBS</attrlabl><attalias Sync="TRUE">OBS</attalias><attrtype Sync="TRUE">String</attrtype><attwidth Sync="TRUE">254</attwidth><atprecis Sync="TRUE">0</atprecis><attscale Sync="TRUE">0</attscale></attr></detailed></eainfo><mdLang><languageCode value="eng"/><countryCode value="BRA" Sync="TRUE"/></mdLang><mdChar><CharSetCd value="004"/></mdChar><mdHrLv><ScopeCd value="005"/></mdHrLv><mdStanName>ArcGIS Metadata</mdStanName><mdStanVer>1.0</mdStanVer><dataIdInfo><envirDesc Sync="TRUE">Microsoft Windows 7 Version 6.1 (Build 7601) Service Pack 1; Esri ArcGIS 10.2.2.3552</envirDesc><dataLang><languageCode value="por" Sync="TRUE"/><countryCode value="BRA" Sync="TRUE"/></dataLang><idCitation><resTitle Sync="FALSE">Areas Institucionais do Municipio de Santa Maria</resTitle><presForm><PresFormCd value="005" Sync="TRUE"/></presForm></idCitation><spatRpType><SpatRepTypCd value="001" Sync="TRUE"/></spatRpType><dataExt><geoEle xmlns=""><GeoBndBox esriExtentType="search"><exTypeCode Sync="TRUE">1</exTypeCode><westBL Sync="TRUE">-53.901028</westBL><eastBL Sync="TRUE">-53.577553</eastBL><northBL Sync="TRUE">-29.652445</northBL><southBL Sync="TRUE">-29.753355</southBL></GeoBndBox></geoEle></dataExt><idPurp>Espacializacao das areas institucionais pertencentes ao poder publico municipal, para usos diversos ou disponibilidade. Fontes: Levantamentos topograficos, matriculas, Secretaria de Municipio de Gestao e Modernizacao Administrativa.</idPurp><idAbs>&lt;DIV STYLE="text-align:Left;"&gt;&lt;DIV&gt;&lt;DIV&gt;&lt;P&gt;&lt;SPAN&gt;Alteracao e inclusao de itens no banco de dados&lt;/SPAN&gt;&lt;/P&gt;&lt;P&gt;&lt;SPAN /&gt;&lt;/P&gt;&lt;P&gt;&lt;SPAN STYLE="font-weight:bold;"&gt;CAMPO DE ATRIBUTOS&lt;/SPAN&gt;&lt;/P&gt;&lt;P&gt;&lt;SPAN STYLE="font-weight:bold;"&gt;LEGENDA: nome do campo, var, delimitacao, casas depois da virgula&lt;/SPAN&gt;&lt;/P&gt;&lt;P&gt;&lt;SPAN STYLE="font-weight:bold;"&gt;C - char(string) (letras)N- number(numeros)&lt;/SPAN&gt;&lt;/P&gt;&lt;P&gt;&lt;SPAN&gt;ID,C,20 - Identificacao da area (cadastro)&lt;/SPAN&gt;&lt;/P&gt;&lt;P&gt;&lt;SPAN&gt;NOME,C,254 - Denominacao da area institucional (quando conhecida)&lt;/SPAN&gt;&lt;/P&gt;&lt;P&gt;&lt;SPAN&gt;ENDERECO,C,100 - Localizacao da da area institucional&lt;/SPAN&gt;&lt;/P&gt;&lt;P&gt;&lt;SPAN&gt;BAIRRO,C,60 - Unidade de Vizinhanca que contem a area institucional&lt;/SPAN&gt;&lt;/P&gt;&lt;P&gt;&lt;SPAN&gt;UNI_RES,C,100 - Unidade Residencial que contem a area institucional&lt;/SPAN&gt;&lt;/P&gt;&lt;P&gt;&lt;SPAN&gt;CEP,C,10 - Codigo postal da da area institucional&lt;/SPAN&gt;&lt;/P&gt;&lt;P&gt;&lt;SPAN&gt;ATOTALM2,N,19,8 - Area total descrita pela matricula do imovel (metros quadrados)&lt;/SPAN&gt;&lt;/P&gt;&lt;P&gt;&lt;SPAN&gt;CADASTRO,C,10 - Numero da area institucional no cadastro da prefeitura&lt;/SPAN&gt;&lt;/P&gt;&lt;P&gt;&lt;SPAN&gt;ORIEN,C,3 - Orientacao da area institucional no cadastro da prefeitura&lt;/SPAN&gt;&lt;/P&gt;&lt;P&gt;&lt;SPAN&gt;SETOR,C,5 - Setor da area institucional no cadastro da prefeitura&lt;/SPAN&gt;&lt;/P&gt;&lt;P&gt;&lt;SPAN&gt;QUADRA,C,5 - Quadra da area institucional no cadastro da prefeitura&lt;/SPAN&gt;&lt;/P&gt;&lt;P&gt;&lt;SPAN&gt;LOTE,C,5 - Lote da area institucional no cadastro da prefeitura&lt;/SPAN&gt;&lt;/P&gt;&lt;P&gt;&lt;SPAN&gt;TESTADA,N,5,0 - Medida da testada da area institucional no cadastro da prefeitura&lt;/SPAN&gt;&lt;/P&gt;&lt;P&gt;&lt;SPAN&gt;CATEG,C,60 - Categoria de uso da area institucional&lt;/SPAN&gt;&lt;/P&gt;&lt;P&gt;&lt;SPAN&gt;LEGIS,C,100 - Matricula e-ou legislacao que rege a criacao da area institucional&lt;/SPAN&gt;&lt;/P&gt;&lt;P&gt;&lt;SPAN&gt;PROPRI,C,30 - Proprietario da area institucional&lt;/SPAN&gt;&lt;/P&gt;&lt;P&gt;&lt;SPAN&gt;USO_SOLO,C,50 - Uso do solo originalmente destinada&lt;/SPAN&gt;&lt;/P&gt;&lt;P&gt;&lt;SPAN&gt;US_2009,C,190 - Uso do solo conforme pesquisa realizada em 2009&lt;/SPAN&gt;&lt;/P&gt;&lt;P&gt;&lt;SPAN&gt;EQUIPO,C,150 - Equipamentos construidos na area institucional&lt;/SPAN&gt;&lt;/P&gt;&lt;P&gt;&lt;SPAN&gt;SITUA,C,254 - Situacao do local conforme informacoes&lt;/SPAN&gt;&lt;/P&gt;&lt;P&gt;&lt;SPAN&gt;FONTE,C,254 - Fonte de informacao sobre a area institucional&lt;/SPAN&gt;&lt;/P&gt;&lt;P&gt;&lt;SPAN&gt;ATUAL,C,100 - Atualizacao conforme informacoes sistema GEOMAIS&lt;/SPAN&gt;&lt;/P&gt;&lt;P&gt;&lt;SPAN&gt;OBS,C,254 - Observacoes pertinentes a area institucional&lt;/SPAN&gt;&lt;/P&gt;&lt;P&gt;&lt;SPAN STYLE="font-weight:bold;"&gt;Notacao: em mapas onde existam areas verdes em conjunto, estas vao&lt;/SPAN&gt;&lt;SPAN STYLE="font-weight:bold;"&gt;com linha&lt;/SPAN&gt;&lt;SPAN STYLE="font-weight:bold;"&gt;RGB 255,0,0 (vermelho) em produtos cartograficos e em produtos extras (kmz)&lt;/SPAN&gt;&lt;SPAN STYLE="font-weight:bold;"&gt;, tamanho 2,0&lt;/SPAN&gt;&lt;SPAN STYLE="font-weight:bold;"&gt;, vazado de preenchimento&lt;/SPAN&gt;&lt;/P&gt;&lt;P&gt;&lt;SPAN STYLE="font-weight:bold;"&gt;C&lt;/SPAN&gt;&lt;SPAN STYLE="font-weight:bold;"&gt;aso nao apareca em mapas com a imagem de fundo, usar RGB 255,255,0 (amarelo)&lt;/SPAN&gt;&lt;SPAN STYLE="font-weight:bold;"&gt;na linha&lt;/SPAN&gt;&lt;/P&gt;&lt;P&gt;&lt;SPAN /&gt;&lt;/P&gt;&lt;/DIV&gt;&lt;/DIV&gt;&lt;/DIV&gt;</idAbs><idCredit>Alterado por Rosana Trevisan, 17-06-2016</idCredit><searchKeys><keyword>Areas</keyword><keyword>prefeitura</keyword><keyword>uso do solo</keyword><keyword>equipamentos</keyword><keyword>creches</keyword><keyword>escolas fundamentais</keyword><keyword>pracas</keyword><keyword>predios publicos</keyword><keyword>areas verdes</keyword><keyword>registro</keyword><keyword>matricula</keyword><keyword>invasoes</keyword></searchKeys></dataIdInfo><distInfo><distFormat><formatName Sync="TRUE">Shapefile</formatName></distFormat><distTranOps><transSize Sync="TRUE">0.048</transSize></distTranOps></distInfo><mdHrLvName Sync="TRUE">dataset</mdHrLvName><refSysInfo><RefSystem><refSysID><identCode code="31982" Sync="TRUE"/><idCodeSpace Sync="TRUE">EPSG</idCodeSpace><idVersion Sync="TRUE">8.2.6</idVersion></refSysID></RefSystem></refSysInfo><spatRepInfo><VectSpatRep><geometObjs Name="Areas_Institucionais"><geoObjTyp><GeoObjTypCd value="002" Sync="TRUE"/></geoObjTyp><geoObjCnt Sync="TRUE">263</geoObjCnt></geometObjs><topLvl><TopoLevCd value="001" Sync="TRUE"/></topLvl></VectSpatRep></spatRepInfo><spdoinfo><ptvctinf><esriterm Name="Areas_Institucionais"><efeatyp Sync="TRUE">Simple</efeatyp><efeageom code="4" Sync="TRUE"/><esritopo Sync="TRUE">FALSE</esritopo><efeacnt Sync="TRUE">263</efeacnt><spindex Sync="TRUE">TRUE</spindex><linrefer Sync="TRUE">FALSE</linrefer></esriterm></ptvctinf></spdoinfo><mdDateSt Sync="TRUE">20160624</mdDateSt></metadata>
