<?xml version="1.0" encoding="UTF-8"?>
<metadata xml:lang="pt"><Esri><CreaDate>20161111</CreaDate><CreaTime>14132100</CreaTime><ArcGISFormat>1.0</ArcGISFormat><SyncOnce>FALSE</SyncOnce><DataProperties><lineage><Process ToolSource="c:\program files\arcgis\desktop10.1\ArcToolbox\Toolboxes\Data Management Tools.tbx\Project" Date="20151027" Time="105444" Name="" export="">Project Localidades\Points C:\Users\alan\Desktop\Distritos_Localidade\local.shp PROJCS['SIRGAS_2000_UTM_Zone_22S',GEOGCS['GCS_SIRGAS_2000',DATUM['D_SIRGAS_2000',SPHEROID['GRS_1980',6378137.0,298.257222101]],PRIMEM['Greenwich',0.0],UNIT['Degree',0.0174532925199433]],PROJECTION['Transverse_Mercator'],PARAMETER['False_Easting',500000.0],PARAMETER['False_Northing',10000000.0],PARAMETER['Central_Meridian',-51.0],PARAMETER['Scale_Factor',0.9996],PARAMETER['Latitude_Of_Origin',0.0],UNIT['Meter',1.0]] SIRGAS_2000_To_WGS_1984_1 GEOGCS['GCS_WGS_1984',DATUM['D_WGS_1984',SPHEROID['WGS_1984',6378137.0,298.257223563]],PRIMEM['Greenwich',0.0],UNIT['Degree',0.0174532925199433],METADATA['World',-180.0,-90.0,180.0,90.0,0.0,0.0174532925199433,0.0,1262]]</Process><Process ToolSource="c:\program files\arcgis\desktop10.1\ArcToolbox\Toolboxes\Conversion Tools.tbx\FeatureClassToFeatureClass" Date="20151028" Time="134928" Name="" export="">FeatureClassToFeatureClass C:\Users\alan\Desktop\Distritos_Localidade\socorro.gdb\lolo C:\Users\alan\Desktop\Distritos_Localidade lolo.shp # "NOME "NOME" true true false 254 Text 0 0 ,First,#,C:\Users\alan\Desktop\Distritos_Localidade\socorro.gdb\lolo,Name,-1,-1;GEOCODIGO "GEOCODIGO" true true false 10 Text 0 0 ,First,#,C:\Users\alan\Desktop\Distritos_Localidade\socorro.gdb\lolo,GEOCODIGO,-1,-1" #</Process><Process ToolSource="c:\program files\arcgis\desktop10.1\ArcToolbox\Toolboxes\Conversion Tools.tbx\FeatureClassToFeatureClass" Date="20151029" Time="114145" Name="" export="">FeatureClassToFeatureClass C:\Users\alan\Desktop\Distritos_Localidade\lolo.shp "C:\Users\alan\Desktop\Nova pasta\definido.gdb" locali_distritos_2015_10_29 # "NOME "NOME" true true false 254 Text 0 0 ,First,#,C:\Users\alan\Desktop\Distritos_Localidade\lolo.shp,NOME,-1,-1;GEOCODIGO "GEOCODIGO" true true false 10 Text 0 0 ,First,#,C:\Users\alan\Desktop\Distritos_Localidade\lolo.shp,GEOCODIGO,-1,-1" #</Process><Process ToolSource="c:\program files\arcgis\desktop10.1\ArcToolbox\Toolboxes\Conversion Tools.tbx\FeatureClassToFeatureClass" Date="20151029" Time="152317" Name="" export="">FeatureClassToFeatureClass "C:\Users\alan\Desktop\Nova pasta\definido.gdb\locali_distritos_2015_10_29" C:\Users\alan\Desktop\mapa_muni\localidades locali_distritos_2015_10_29.shp # "NOME "NOME" true true false 254 Text 0 0 ,First,#,C:\Users\alan\Desktop\Nova pasta\definido.gdb\locali_distritos_2015_10_29,NOME,-1,-1;GEOCODIGO "GEOCODIGO" true true false 10 Text 0 0 ,First,#,C:\Users\alan\Desktop\Nova pasta\definido.gdb\locali_distritos_2015_10_29,GEOCODIGO,-1,-1" #</Process><Process ToolSource="c:\program files\arcgis\desktop10.1\ArcToolbox\Toolboxes\Data Management Tools.tbx\CopyFeatures" Date="20151228" Time="131436" Name="" export="">CopyFeatures C:\Users\alan\Desktop\Shapes_Atualizados\Atualizar\Localidades_Distritais\locali_distritos_2015_10_29.shp C:\Users\alan\Desktop\Shapes_Atualizados\atualizacao_30_12_2015.gdb\locali_distritos_2015_10_29 # 0 0 0</Process><Process ToolSource="c:\program files\arcgis\desktop10.1\ArcToolbox\Toolboxes\Data Management Tools.tbx\CopyFeatures" Date="20160107" Time="144230" Name="" export="">CopyFeatures "Database Connections\escritorio_cidade.sde\escritorio_cidade.DBO.Base\escritorio_cidade.DBO.Localidades_Distritos" C:\Users\alan\Desktop\Shapefile_Oficial_2016_01_07\Base\Localidades_Distritos.shp # 0 0 0</Process><Process ToolSource="c:\program files\arcgis\desktop10.1\ArcToolbox\Toolboxes\Data Management Tools.tbx\CopyFeatures" Date="20160114" Time="120043" Name="" export="">CopyFeatures C:\Users\alan\Desktop\Shapefile_Oficial_2016_01_07\Escritorio_Cidade\Base\Localidades_Distritos.shp C:\Users\alan\Desktop\ATU\Atualizacao_2016_01_14.gdb\Localidades_Distritos # 0 0 0</Process><Process ToolSource="c:\program files\arcgis\desktop10.2\ArcToolbox\Toolboxes\Data Management Tools.tbx\Rename" Date="20160623" Time="155357">Rename C:\Users\alan\Desktop\renomeia\atualiza.gdb\Localidades_distritos C:\Users\alan\Desktop\renomeia\atualiza.gdb\Localidades_distritos_2016_6_23 FeatureClass</Process><Process ToolSource="c:\program files\arcgis\desktop10.2\ArcToolbox\Toolboxes\Data Management Tools.tbx\Project" Date="20161111" Time="141321">Project escritorio_cidade.DBO.Localidades_distritos C:\Users\alan\Desktop\zonea10\localidades.shp GEOGCS['GCS_WGS_1984',DATUM['D_WGS_1984',SPHEROID['WGS_1984',6378137.0,298.257223563]],PRIMEM['Greenwich',0.0],UNIT['Degree',0.0174532925199433]] SIRGAS_2000_To_WGS_1984_1 PROJCS['SIRGAS_2000_UTM_Zone_22S',GEOGCS['GCS_SIRGAS_2000',DATUM['D_SIRGAS_2000',SPHEROID['GRS_1980',6378137.0,298.257222101]],PRIMEM['Greenwich',0.0],UNIT['Degree',0.0174532925199433]],PROJECTION['Transverse_Mercator'],PARAMETER['False_Easting',500000.0],PARAMETER['False_Northing',10000000.0],PARAMETER['Central_Meridian',-51.0],PARAMETER['Scale_Factor',0.9996],PARAMETER['Latitude_Of_Origin',0.0],UNIT['Meter',1.0]]</Process></lineage><itemProps><itemLocation><linkage Sync="TRUE">Server=serverec; Service=sde:sqlserver:serverec\sqlexpress; Database=escritorio_cidade; Version=dbo.DEFAULT</linkage><protocol Sync="TRUE">ArcSDE Connection</protocol></itemLocation><itemName Sync="TRUE">escritorio_cidade.DBO.Localidades_distritos</itemName><imsContentType Sync="TRUE">002</imsContentType><itemSize Sync="TRUE">0.005</itemSize><nativeExtBox><westBL Sync="TRUE">200761.326200</westBL><eastBL Sync="TRUE">254782.494500</eastBL><southBL Sync="TRUE">6679748.961700</southBL><northBL Sync="TRUE">6723372.379800</northBL><exTypeCode Sync="TRUE">1</exTypeCode></nativeExtBox></itemProps><coordRef><type Sync="TRUE">Projected</type><geogcsn Sync="TRUE">GCS_SIRGAS_2000</geogcsn><csUnits Sync="TRUE">Linear Unit: Meter (1.000000)</csUnits><projcsn Sync="TRUE">SIRGAS_2000_UTM_Zone_22S</projcsn><peXml Sync="TRUE">&lt;ProjectedCoordinateSystem xsi:type='typens:ProjectedCoordinateSystem' xmlns:xsi='http://www.w3.org/2001/XMLSchema-instance' xmlns:xs='http://www.w3.org/2001/XMLSchema' xmlns:typens='http://www.esri.com/schemas/ArcGIS/10.1'&gt;&lt;WKT&gt;PROJCS[&amp;quot;SIRGAS_2000_UTM_Zone_22S&amp;quot;,GEOGCS[&amp;quot;GCS_SIRGAS_2000&amp;quot;,DATUM[&amp;quot;D_SIRGAS_2000&amp;quot;,SPHEROID[&amp;quot;GRS_1980&amp;quot;,6378137.0,298.257222101]],PRIMEM[&amp;quot;Greenwich&amp;quot;,0.0],UNIT[&amp;quot;Degree&amp;quot;,0.0174532925199433]],PROJECTION[&amp;quot;Transverse_Mercator&amp;quot;],PARAMETER[&amp;quot;False_Easting&amp;quot;,500000.0],PARAMETER[&amp;quot;False_Northing&amp;quot;,10000000.0],PARAMETER[&amp;quot;Central_Meridian&amp;quot;,-51.0],PARAMETER[&amp;quot;Scale_Factor&amp;quot;,0.9996],PARAMETER[&amp;quot;Latitude_Of_Origin&amp;quot;,0.0],UNIT[&amp;quot;Meter&amp;quot;,1.0],AUTHORITY[&amp;quot;EPSG&amp;quot;,31982]]&lt;/WKT&gt;&lt;XOrigin&gt;-5120900&lt;/XOrigin&gt;&lt;YOrigin&gt;1900&lt;/YOrigin&gt;&lt;XYScale&gt;10000&lt;/XYScale&gt;&lt;ZOrigin&gt;-100000&lt;/ZOrigin&gt;&lt;ZScale&gt;10000&lt;/ZScale&gt;&lt;MOrigin&gt;-100000&lt;/MOrigin&gt;&lt;MScale&gt;10000&lt;/MScale&gt;&lt;XYTolerance&gt;0.001&lt;/XYTolerance&gt;&lt;ZTolerance&gt;0.001&lt;/ZTolerance&gt;&lt;MTolerance&gt;0.001&lt;/MTolerance&gt;&lt;HighPrecision&gt;true&lt;/HighPrecision&gt;&lt;WKID&gt;31982&lt;/WKID&gt;&lt;LatestWKID&gt;31982&lt;/LatestWKID&gt;&lt;/ProjectedCoordinateSystem&gt;</peXml></coordRef><copyHistory><copy source="C:\Users\alan\Desktop\distritosed\Localidades_distritos" dest="\\GEO03\Users\alan\Desktop\atualizar_servidor\shapes_eu\Localidades_distritos" date="20160623" time="14271100"/></copyHistory></DataProperties><SyncDate>20160623</SyncDate><SyncTime>16554100</SyncTime><ModDate>20160623</ModDate><ModTime>16554100</ModTime><scaleRange><minScale>150000000</minScale><maxScale>5000</maxScale></scaleRange><ArcGISProfile>ItemDescription</ArcGISProfile></Esri><dataIdInfo><envirDesc Sync="TRUE">Microsoft Windows 7 Version 6.1 (Build 7601) Service Pack 1; Esri ArcGIS 10.2.2.3552</envirDesc><dataLang><languageCode value="por" Sync="TRUE"/><countryCode value="BRA" Sync="TRUE"/></dataLang><idCitation><resTitle Sync="FALSE">Localidades dos Distritos do Municipio de Santa Maria</resTitle><presForm><PresFormCd value="005" Sync="TRUE"/></presForm></idCitation><spatRpType><SpatRepTypCd value="001" Sync="TRUE"/></spatRpType><idPurp>Localizacao aproximada de nucleos populacionais que existem no municipio de Santa Maria, para fins didaticos e elementos de cartografia</idPurp><idAbs>&lt;DIV STYLE="text-align:Left;"&gt;&lt;DIV&gt;&lt;DIV&gt;&lt;P&gt;&lt;SPAN&gt;Alteracao da posicao das localidades e acrescimo de outras, &lt;/SPAN&gt;&lt;SPAN&gt;usando o material disponivel pelo projeto OpenStreetMap, utilizando como base o ArcGIS online. Para adicionar o material, usar o Arcmap e na guia File -"Add Data" - "Adicionar dados do ArcGIS online" e na caixa de busca procurar por openstreetmap&lt;/SPAN&gt;&lt;/P&gt;&lt;P&gt;&lt;SPAN /&gt;&lt;/P&gt;&lt;P&gt;&lt;SPAN STYLE="font-weight:bold;"&gt;CAMPO DE ATRIBUTOS:&lt;/SPAN&gt;&lt;/P&gt;&lt;P&gt;&lt;SPAN STYLE="font-weight:bold;"&gt;LEGENDA:nome do campo, var, delimitacao, casas depois da virgula&lt;/SPAN&gt;&lt;/P&gt;&lt;P&gt;&lt;SPAN STYLE="font-weight:bold;"&gt;C - char(string) (letras)&lt;/SPAN&gt;&lt;SPAN /&gt;&lt;SPAN STYLE="font-weight:bold;"&gt;N- number(numeros)&lt;/SPAN&gt;&lt;/P&gt;&lt;P&gt;&lt;SPAN&gt;NOME, C, 50 Denominação da Localidade&lt;/SPAN&gt;&lt;/P&gt;&lt;P&gt;&lt;SPAN&gt;GEOCODIGO, C, 10 Geocodigo IBGE correspondente ao Distrito&lt;/SPAN&gt;&lt;/P&gt;&lt;P&gt;&lt;SPAN STYLE="font-weight:bold;"&gt;DICA: &lt;/SPAN&gt;&lt;SPAN&gt;Faça o Join com o shape de distritos e geocodigo de ambos shapes&lt;/SPAN&gt;&lt;/P&gt;&lt;P&gt;&lt;SPAN STYLE="font-weight:bold;"&gt;Sugestao de &lt;/SPAN&gt;&lt;SPAN STYLE="font-weight:bold;"&gt;icone: ESRI Circle 3, Cor RGB 255/190/190 de preenchimento, tamanho 18&lt;/SPAN&gt;&lt;/P&gt;&lt;/DIV&gt;&lt;/DIV&gt;&lt;/DIV&gt;</idAbs><idCredit>Alterado por Analissa do Prado 17-06-2016</idCredit><searchKeys><keyword>Historia</keyword><keyword>Localizacao</keyword><keyword>Comunidade</keyword><keyword>Populacao</keyword><keyword>Distribuicao</keyword><keyword>Toponimia</keyword></searchKeys><dataExt><vertEle><vertMinVal Sync="TRUE">0.000000</vertMinVal><vertMaxVal Sync="TRUE">0.000000</vertMaxVal></vertEle></dataExt><dataExt><geoEle xmlns=""><GeoBndBox esriExtentType="search"><exTypeCode Sync="TRUE">1</exTypeCode><westBL Sync="TRUE">-54.101112</westBL><eastBL Sync="TRUE">-53.531857</eastBL><northBL Sync="TRUE">-29.583568</northBL><southBL Sync="TRUE">-29.988682</southBL></GeoBndBox></geoEle></dataExt></dataIdInfo><mdLang><languageCode value="por" Sync="TRUE"/><countryCode value="BRA" Sync="TRUE"/></mdLang><distInfo><distFormat><formatName Sync="TRUE">SDE Feature Class</formatName></distFormat><distTranOps><transSize Sync="TRUE">0.005</transSize></distTranOps></distInfo><mdHrLv><ScopeCd value="005" Sync="TRUE"/></mdHrLv><mdHrLvName Sync="TRUE">dataset</mdHrLvName><refSysInfo><RefSystem><refSysID><identCode code="31982" Sync="TRUE" value="31982"/><idCodeSpace Sync="TRUE">EPSG</idCodeSpace><idVersion Sync="TRUE">8.2.6</idVersion></refSysID></RefSystem></refSysInfo><spatRepInfo><VectSpatRep><geometObjs Name="escritorio_cidade.DBO.Localidades_distritos"><geoObjTyp><GeoObjTypCd value="004" Sync="TRUE"/></geoObjTyp><geoObjCnt Sync="TRUE">117</geoObjCnt></geometObjs><topLvl><TopoLevCd value="001" Sync="TRUE"/></topLvl></VectSpatRep></spatRepInfo><spdoinfo><ptvctinf><esriterm Name="escritorio_cidade.DBO.Localidades_distritos"><efeatyp Sync="TRUE">Simple</efeatyp><efeageom code="1" Sync="TRUE"/><esritopo Sync="TRUE">FALSE</esritopo><efeacnt Sync="TRUE">117</efeacnt><spindex Sync="TRUE">TRUE</spindex><linrefer Sync="TRUE">TRUE</linrefer></esriterm></ptvctinf></spdoinfo><eainfo><detailed Name="escritorio_cidade.DBO.Localidades_distritos"><enttyp><enttypl Sync="TRUE">escritorio_cidade.DBO.Localidades_distritos</enttypl><enttypt Sync="TRUE">Feature Class</enttypt><enttypc Sync="TRUE">117</enttypc></enttyp><attr><attrlabl Sync="TRUE">OBJECTID_1</attrlabl><attalias Sync="TRUE">OBJECTID_1</attalias><attrtype Sync="TRUE">OID</attrtype><attwidth Sync="TRUE">4</attwidth><atprecis Sync="TRUE">10</atprecis><attscale Sync="TRUE">0</attscale><attrdef Sync="TRUE">Internal feature number.</attrdef><attrdefs Sync="TRUE">Esri</attrdefs><attrdomv><udom Sync="TRUE">Sequential unique whole numbers that are automatically generated.</udom></attrdomv></attr><attr><attrlabl Sync="TRUE">OBJECTID</attrlabl><attalias Sync="TRUE">OBJECTID</attalias><attrtype Sync="TRUE">Double</attrtype><attwidth Sync="TRUE">8</attwidth><atprecis Sync="TRUE">38</atprecis><attscale Sync="TRUE">8</attscale><attrdef Sync="TRUE">Internal feature number.</attrdef><attrdefs Sync="TRUE">Esri</attrdefs><attrdomv><udom Sync="TRUE">Sequential unique whole numbers that are automatically generated.</udom></attrdomv></attr><attr><attrlabl Sync="TRUE">Shape</attrlabl><attalias Sync="TRUE">Shape</attalias><attrtype Sync="TRUE">Geometry</attrtype><attwidth Sync="TRUE">4</attwidth><atprecis Sync="TRUE">0</atprecis><attscale Sync="TRUE">0</attscale><attrdef Sync="TRUE">Feature geometry.</attrdef><attrdefs Sync="TRUE">Esri</attrdefs><attrdomv><udom Sync="TRUE">Coordinates defining the features.</udom></attrdomv></attr><attr><attrlabl Sync="TRUE">NOME</attrlabl><attalias Sync="TRUE">NOME</attalias><attrtype Sync="TRUE">String</attrtype><attwidth Sync="TRUE">254</attwidth><atprecis Sync="TRUE">0</atprecis><attscale Sync="TRUE">0</attscale></attr><attr><attrlabl Sync="TRUE">GEOCODIGO</attrlabl><attalias Sync="TRUE">GEOCODIGO</attalias><attrtype Sync="TRUE">String</attrtype><attwidth Sync="TRUE">10</attwidth><atprecis Sync="TRUE">0</atprecis><attscale Sync="TRUE">0</attscale></attr></detailed></eainfo><mdDateSt Sync="TRUE">20160623</mdDateSt><mdChar><CharSetCd value="004" Sync="TRUE"/></mdChar></metadata>
