<?xml version="1.0" encoding="UTF-8"?>
<metadata xml:lang="pt"><Esri><CreaDate>20161110</CreaDate><CreaTime>14442100</CreaTime><ArcGISFormat>1.0</ArcGISFormat><SyncOnce>FALSE</SyncOnce><ModDate>20160630</ModDate><ModTime>16183300</ModTime><scaleRange><minScale>150000000</minScale><maxScale>5000</maxScale></scaleRange><ArcGISProfile>ItemDescription</ArcGISProfile><DataProperties><itemProps><itemName Sync="TRUE">Zon_Urban_Anexo10_LUOS</itemName><imsContentType Sync="TRUE">002</imsContentType><itemLocation><linkage Sync="TRUE">file://\\GEO03\Users\alan\Desktop\teste\Shapes_Oficiais_2016_6_30\escritorio_cidade\escritorio_cidade_DBO_Leis_Urbanisticas\Zon_Urban_Anexo10_LUOS\Zon_Urban_Anexo10_LUOS.shp</linkage><protocol Sync="TRUE">Local Area Network</protocol></itemLocation><itemSize Sync="TRUE">0.000</itemSize></itemProps><coordRef><type Sync="TRUE">Projected</type><geogcsn Sync="TRUE">GCS_SIRGAS_2000</geogcsn><csUnits Sync="TRUE">Linear Unit: Meter (1.000000)</csUnits><projcsn Sync="TRUE">SIRGAS_2000_UTM_Zone_22S</projcsn><peXml Sync="TRUE">&lt;ProjectedCoordinateSystem xsi:type='typens:ProjectedCoordinateSystem' xmlns:xsi='http://www.w3.org/2001/XMLSchema-instance' xmlns:xs='http://www.w3.org/2001/XMLSchema' xmlns:typens='http://www.esri.com/schemas/ArcGIS/10.1'&gt;&lt;WKT&gt;PROJCS[&amp;quot;SIRGAS_2000_UTM_Zone_22S&amp;quot;,GEOGCS[&amp;quot;GCS_SIRGAS_2000&amp;quot;,DATUM[&amp;quot;D_SIRGAS_2000&amp;quot;,SPHEROID[&amp;quot;GRS_1980&amp;quot;,6378137.0,298.257222101]],PRIMEM[&amp;quot;Greenwich&amp;quot;,0.0],UNIT[&amp;quot;Degree&amp;quot;,0.0174532925199433]],PROJECTION[&amp;quot;Transverse_Mercator&amp;quot;],PARAMETER[&amp;quot;False_Easting&amp;quot;,500000.0],PARAMETER[&amp;quot;False_Northing&amp;quot;,10000000.0],PARAMETER[&amp;quot;Central_Meridian&amp;quot;,-51.0],PARAMETER[&amp;quot;Scale_Factor&amp;quot;,0.9996],PARAMETER[&amp;quot;Latitude_Of_Origin&amp;quot;,0.0],UNIT[&amp;quot;Meter&amp;quot;,1.0],AUTHORITY[&amp;quot;EPSG&amp;quot;,31982]]&lt;/WKT&gt;&lt;XOrigin&gt;-5120900&lt;/XOrigin&gt;&lt;YOrigin&gt;1900&lt;/YOrigin&gt;&lt;XYScale&gt;10000&lt;/XYScale&gt;&lt;ZOrigin&gt;-100000&lt;/ZOrigin&gt;&lt;ZScale&gt;10000&lt;/ZScale&gt;&lt;MOrigin&gt;-100000&lt;/MOrigin&gt;&lt;MScale&gt;10000&lt;/MScale&gt;&lt;XYTolerance&gt;0.001&lt;/XYTolerance&gt;&lt;ZTolerance&gt;0.001&lt;/ZTolerance&gt;&lt;MTolerance&gt;0.001&lt;/MTolerance&gt;&lt;HighPrecision&gt;true&lt;/HighPrecision&gt;&lt;WKID&gt;31982&lt;/WKID&gt;&lt;LatestWKID&gt;31982&lt;/LatestWKID&gt;&lt;/ProjectedCoordinateSystem&gt;</peXml></coordRef><lineage><Process ToolSource="c:\program files\arcgis\desktop10.1\ArcToolbox\Toolboxes\Data Management Tools.tbx\CopyFeatures" Date="20151230" Time="092818" Name="" export="">CopyFeatures C:\Users\alan\Desktop\Shapes_Atualizados\Atualizar\atualizacao_area_urbana.gdb\zon_urb_anexo10_luos_2015_12_11 C:\Users\alan\Desktop\Shapes_Atualizados\atualizacao_30_12_2015.gdb\zon_urb_anexo10_luos_2015_12_11 # 0 0 0</Process><Process ToolSource="c:\program files\arcgis\desktop10.1\ArcToolbox\Toolboxes\Conversion Tools.tbx\FeatureClassToFeatureClass" Date="20160104" Time="154501" Name="" export="">FeatureClassToFeatureClass "Database Connections\escritorio_cidade.sde\escritorio_cidade.DBO.Leis_Urbanisticas\escritorio_cidade.DBO.Zon_Urban_Anexo10_LUOS" C:\Users\alan\Desktop\arrumar Zon_Urban_Anexo10_LUOS.shp # "MACROZONA "MACROZONA" true true false 2 Text 0 0 ,First,#,Database Connections\escritorio_cidade.sde\escritorio_cidade.DBO.Leis_Urbanisticas\escritorio_cidade.DBO.Zon_Urban_Anexo10_LUOS,MACROZONA,-1,-1;DESC_MAC "DESC_MAC" true true false 50 Text 0 0 ,First,#,Database Connections\escritorio_cidade.sde\escritorio_cidade.DBO.Leis_Urbanisticas\escritorio_cidade.DBO.Zon_Urban_Anexo10_LUOS,DESC_MAC,-1,-1;ZONA "ZONA" true true false 50 Text 0 0 ,First,#,Database Connections\escritorio_cidade.sde\escritorio_cidade.DBO.Leis_Urbanisticas\escritorio_cidade.DBO.Zon_Urban_Anexo10_LUOS,ZONA,-1,-1;IA_MAX "IA_MAX" true true false 254 Text 0 0 ,First,#,Database Connections\escritorio_cidade.sde\escritorio_cidade.DBO.Leis_Urbanisticas\escritorio_cidade.DBO.Zon_Urban_Anexo10_LUOS,IA_MAX,-1,-1;OBS_IA "OBS_IA" true true false 254 Text 0 0 ,First,#,Database Connections\escritorio_cidade.sde\escritorio_cidade.DBO.Leis_Urbanisticas\escritorio_cidade.DBO.Zon_Urban_Anexo10_LUOS,OBS_IA,-1,-1;IO_MAX "IO_MAX" true true false 254 Text 0 0 ,First,#,Database Connections\escritorio_cidade.sde\escritorio_cidade.DBO.Leis_Urbanisticas\escritorio_cidade.DBO.Zon_Urban_Anexo10_LUOS,IO_MAX,-1,-1;ALTURA "ALTURA" true true false 50 Text 0 0 ,First,#,Database Connections\escritorio_cidade.sde\escritorio_cidade.DBO.Leis_Urbanisticas\escritorio_cidade.DBO.Zon_Urban_Anexo10_LUOS,ALTURA,-1,-1;SUPERF_MIN "SUPERF_MIN" true true false 50 Text 0 0 ,First,#,Database Connections\escritorio_cidade.sde\escritorio_cidade.DBO.Leis_Urbanisticas\escritorio_cidade.DBO.Zon_Urban_Anexo10_LUOS,SUPERF_MIN,-1,-1;TESTADA_MN "TESTADA_MN" true true false 50 Text 0 0 ,First,#,Database Connections\escritorio_cidade.sde\escritorio_cidade.DBO.Leis_Urbanisticas\escritorio_cidade.DBO.Zon_Urban_Anexo10_LUOS,TESTADA_MN,-1,-1;REL_MAX_TE "REL_MAX_TE" true true false 50 Text 0 0 ,First,#,Database Connections\escritorio_cidade.sde\escritorio_cidade.DBO.Leis_Urbanisticas\escritorio_cidade.DBO.Zon_Urban_Anexo10_LUOS,REL_MAX_TE,-1,-1;Shape_area "Shape.area" false false true 0 Double 0 0 ,First,#,Database Connections\escritorio_cidade.sde\escritorio_cidade.DBO.Leis_Urbanisticas\escritorio_cidade.DBO.Zon_Urban_Anexo10_LUOS,Shape.area,-1,-1;Shape_len "Shape.len" false false true 0 Double 0 0 ,First,#,Database Connections\escritorio_cidade.sde\escritorio_cidade.DBO.Leis_Urbanisticas\escritorio_cidade.DBO.Zon_Urban_Anexo10_LUOS,Shape.len,-1,-1" #</Process><Process ToolSource="c:\program files\arcgis\desktop10.1\ArcToolbox\Toolboxes\Data Management Tools.tbx\CopyFeatures" Date="20160105" Time="102756">CopyFeatures C:\Users\alan\Desktop\arrumar\Zon_Urban_Anexo10_LUOS_2016_01_05.shp C:\Users\alan\Desktop\arrumar\arrumar.gdb\Zon_Urban_Anexo10_LUOS_2016_01_05 # 0 0 0</Process><Process ToolSource="c:\program files\arcgis\desktop10.2\ArcToolbox\Toolboxes\Data Management Tools.tbx\CopyFeatures" Date="20160630" Time="161833">CopyFeatures C:\Users\alan\Desktop\teste\escritorio_cidade.gdb\escritorio_cidade_DBO_Leis_Urbanisticas\Zon_Urban_Anexo10_LUOS C:\Users\alan\Desktop\teste\Shapes_Oficiais_2016_6_30\escritorio_cidade\escritorio_cidade_DBO_Leis_Urbanisticas\Zon_Urban_Anexo10_LUOS\Zon_Urban_Anexo10_LUOS.shp # 0 0 0</Process><Process ToolSource="c:\program files\arcgis\desktop10.2\ArcToolbox\Toolboxes\Data Management Tools.tbx\Project" Date="20161110" Time="144421">Project zoneamento10_novo C:\Users\alan\Desktop\zonea10\zoneamento.shp GEOGCS['GCS_WGS_1984',DATUM['D_WGS_1984',SPHEROID['WGS_1984',6378137.0,298.257223563]],PRIMEM['Greenwich',0.0],UNIT['Degree',0.0174532925199433]] SIRGAS_2000_To_WGS_1984_1 PROJCS['SIRGAS_2000_UTM_Zone_22S',GEOGCS['GCS_SIRGAS_2000',DATUM['D_SIRGAS_2000',SPHEROID['GRS_1980',6378137.0,298.257222101]],PRIMEM['Greenwich',0.0],UNIT['Degree',0.0174532925199433]],PROJECTION['Transverse_Mercator'],PARAMETER['False_Easting',500000.0],PARAMETER['False_Northing',10000000.0],PARAMETER['Central_Meridian',-51.0],PARAMETER['Scale_Factor',0.9996],PARAMETER['Latitude_Of_Origin',0.0],UNIT['Meter',1.0]]</Process></lineage></DataProperties><SyncDate>20160630</SyncDate><SyncTime>16183300</SyncTime></Esri><dataIdInfo><idPurp>Zoneamento Urbanistico do Distrito Sede, Conforme Legislacao n 0072/2009 Uso e Ocupacao do Solo, alterado pelas leis complementares 101 e 102/2015</idPurp><idAbs>&lt;DIV STYLE="text-align:Left;"&gt;&lt;DIV&gt;&lt;DIV&gt;&lt;P&gt;&lt;SPAN&gt;&lt;SPAN&gt;Alteracoes:&lt;/SPAN&gt;&lt;/SPAN&gt;&lt;/P&gt;&lt;P&gt;&lt;SPAN&gt;Ajuste de campos e banco de dados&lt;/SPAN&gt;&lt;/P&gt;&lt;P&gt;&lt;SPAN&gt;&lt;SPAN&gt;CAMPO DE ATRIBUTOS&lt;/SPAN&gt;&lt;/SPAN&gt;&lt;/P&gt;&lt;P&gt;&lt;SPAN&gt;&lt;SPAN&gt;LEGENDA:nome do campo, var, delimitacao, casas depois da virgula&lt;/SPAN&gt;&lt;/SPAN&gt;&lt;/P&gt;&lt;P&gt;&lt;SPAN&gt;&lt;SPAN&gt;C - char(string) (letras)&lt;/SPAN&gt;&lt;/SPAN&gt;&lt;/P&gt;&lt;P&gt;&lt;SPAN&gt;&lt;SPAN&gt;N- number(numeros)&lt;/SPAN&gt;&lt;/SPAN&gt;&lt;/P&gt;&lt;P&gt;&lt;SPAN&gt;&lt;SPAN&gt;MACROZONA,C,2Macrozona Anexo 10&lt;/SPAN&gt;&lt;/SPAN&gt;&lt;/P&gt;&lt;P&gt;&lt;SPAN&gt;&lt;SPAN&gt;DESC_MAC,C,50Descricao da Macrozona Anexo 10&lt;/SPAN&gt;&lt;/SPAN&gt;&lt;/P&gt;&lt;P&gt;&lt;SPAN&gt;&lt;SPAN&gt;ZONA,C,50Zoneamento Urbanistico Anexo 10&lt;/SPAN&gt;&lt;/SPAN&gt;&lt;/P&gt;&lt;P&gt;&lt;SPAN&gt;IA_MAX,C,254&lt;/SPAN&gt;&lt;SPAN /&gt;&lt;SPAN&gt;Indice de Aproveitamento (IA) Maximo&lt;/SPAN&gt;&lt;/P&gt;&lt;P&gt;&lt;SPAN&gt;&lt;SPAN&gt;OBS_IA,C,254Observacao (IA) &lt;/SPAN&gt;&lt;/SPAN&gt;&lt;/P&gt;&lt;P&gt;&lt;SPAN&gt;&lt;SPAN&gt;IO_MAX,C,254Indice de Ocupacao (IO) Maximo&lt;/SPAN&gt;&lt;/SPAN&gt;&lt;/P&gt;&lt;P&gt;&lt;SPAN&gt;&lt;SPAN&gt;ALTURA,C,50Altura Maxima&lt;/SPAN&gt;&lt;/SPAN&gt;&lt;/P&gt;&lt;P&gt;&lt;SPAN&gt;&lt;SPAN&gt;SUPERF_MIN,C,50Superficie Minima dos Lotes&lt;/SPAN&gt;&lt;/SPAN&gt;&lt;/P&gt;&lt;P&gt;&lt;SPAN&gt;&lt;SPAN&gt;TESTADA_MN,C,50Testada Minima do lote de meio de quadra&lt;/SPAN&gt;&lt;/SPAN&gt;&lt;/P&gt;&lt;P&gt;&lt;SPAN&gt;&lt;SPAN&gt;REL_MAX_TE,C,50Relacao Maxima testada/ Profundidade do Lote&lt;/SPAN&gt;&lt;/SPAN&gt;&lt;/P&gt;&lt;P&gt;&lt;SPAN&gt;&lt;SPAN&gt;ATENCAO para confeccao dos Mapas, usar seguinte Classificacao:&lt;/SPAN&gt;&lt;/SPAN&gt;&lt;/P&gt;&lt;P&gt;&lt;SPAN&gt;&lt;SPAN&gt;MACROZONA:&lt;/SPAN&gt;&lt;/SPAN&gt;&lt;/P&gt;&lt;P&gt;&lt;SPAN&gt;&lt;SPAN&gt;A: Fill Color RGB 191/127/255 Outline Color: Preto&lt;/SPAN&gt;&lt;/SPAN&gt;&lt;/P&gt;&lt;P&gt;&lt;SPAN&gt;&lt;SPAN&gt;B: Fill Color RGB 255/0/0 Outline Color: Preto&lt;/SPAN&gt;&lt;/SPAN&gt;&lt;/P&gt;&lt;P&gt;&lt;SPAN&gt;&lt;SPAN&gt;C: Fill Color RGB 255/191/127 Outline Color: Preto&lt;/SPAN&gt;&lt;/SPAN&gt;&lt;/P&gt;&lt;P&gt;&lt;SPAN&gt;&lt;SPAN&gt;D: Fill Color RGB191/255/0 Outline Color: Preto&lt;/SPAN&gt;&lt;/SPAN&gt;&lt;/P&gt;&lt;P&gt;&lt;SPAN&gt;&lt;SPAN&gt;E: Fill Color RGB 255/127/0 Outline Color: Preto&lt;/SPAN&gt;&lt;/SPAN&gt;&lt;/P&gt;&lt;P&gt;&lt;SPAN&gt;&lt;SPAN&gt;F: Fill Color RGB 159/255/127 Outline Color: Preto&lt;/SPAN&gt;&lt;/SPAN&gt;&lt;/P&gt;&lt;P&gt;&lt;SPAN&gt;&lt;SPAN&gt;G: Fill Color RGB 127/255/191 Outline Color: Preto&lt;/SPAN&gt;&lt;/SPAN&gt;&lt;/P&gt;&lt;P&gt;&lt;SPAN&gt;&lt;SPAN&gt;H: Fill Color RGB 0/255/127 Outline Color: Preto&lt;/SPAN&gt;&lt;/SPAN&gt;&lt;/P&gt;&lt;/DIV&gt;&lt;/DIV&gt;&lt;/DIV&gt;</idAbs><idCredit>Alterado por Analissa do Prado 05-01-2016</idCredit><idCitation><resTitle>Zoneamento urbanistico no distrito sede de Sana Maria anexo 10 LUOS</resTitle><presForm><PresFormCd value="005" Sync="TRUE"/></presForm></idCitation><searchKeys><keyword>Zoneamento</keyword><keyword>urbanistico</keyword><keyword>zona urbana</keyword></searchKeys><envirDesc Sync="TRUE">Microsoft Windows 7 Version 6.1 (Build 7601) Service Pack 1; Esri ArcGIS 10.2.2.3552</envirDesc><dataLang><languageCode value="por" Sync="TRUE"/><countryCode value="BRA" Sync="TRUE"/></dataLang><spatRpType><SpatRepTypCd value="001" Sync="TRUE"/></spatRpType></dataIdInfo><mdLang><languageCode value="por" Sync="TRUE"/><countryCode value="BRA" Sync="TRUE"/></mdLang><distInfo><distFormat><formatName Sync="TRUE">Shapefile</formatName></distFormat><distTranOps><transSize Sync="TRUE">0.000</transSize></distTranOps></distInfo><mdHrLv><ScopeCd value="005" Sync="TRUE"/></mdHrLv><mdHrLvName Sync="TRUE">dataset</mdHrLvName><refSysInfo><RefSystem><refSysID><identCode code="31982" Sync="TRUE" value="31982"/><idCodeSpace Sync="TRUE">EPSG</idCodeSpace><idVersion Sync="TRUE">7.9.4</idVersion></refSysID></RefSystem></refSysInfo><spatRepInfo><VectSpatRep><geometObjs Name="Zon_Urban_Anexo10_LUOS"><geoObjTyp><GeoObjTypCd value="002" Sync="TRUE"></GeoObjTypCd></geoObjTyp><geoObjCnt Sync="TRUE">0</geoObjCnt></geometObjs><topLvl><TopoLevCd value="001" Sync="TRUE"></TopoLevCd></topLvl></VectSpatRep></spatRepInfo><spdoinfo><ptvctinf><esriterm Name="Zon_Urban_Anexo10_LUOS"><efeatyp Sync="TRUE">Simple</efeatyp><efeageom code="4" Sync="TRUE"></efeageom><esritopo Sync="TRUE">FALSE</esritopo><efeacnt Sync="TRUE">0</efeacnt><spindex Sync="TRUE">FALSE</spindex><linrefer Sync="TRUE">FALSE</linrefer></esriterm></ptvctinf></spdoinfo><eainfo><detailed Name="Zon_Urban_Anexo10_LUOS"><enttyp><enttypl Sync="TRUE">Zon_Urban_Anexo10_LUOS</enttypl><enttypt Sync="TRUE">Feature Class</enttypt><enttypc Sync="TRUE">0</enttypc></enttyp><attr><attrlabl Sync="TRUE">FID</attrlabl><attalias Sync="TRUE">FID</attalias><attrtype Sync="TRUE">OID</attrtype><attwidth Sync="TRUE">4</attwidth><atprecis Sync="TRUE">0</atprecis><attscale Sync="TRUE">0</attscale><attrdef Sync="TRUE">Internal feature number.</attrdef><attrdefs Sync="TRUE">Esri</attrdefs><attrdomv><udom Sync="TRUE">Sequential unique whole numbers that are automatically generated.</udom></attrdomv></attr><attr><attrlabl Sync="TRUE">Shape</attrlabl><attalias Sync="TRUE">Shape</attalias><attrtype Sync="TRUE">Geometry</attrtype><attwidth Sync="TRUE">0</attwidth><atprecis Sync="TRUE">0</atprecis><attscale Sync="TRUE">0</attscale><attrdef Sync="TRUE">Feature geometry.</attrdef><attrdefs Sync="TRUE">Esri</attrdefs><attrdomv><udom Sync="TRUE">Coordinates defining the features.</udom></attrdomv></attr><attr><attrlabl Sync="TRUE">MACROZONA</attrlabl><attalias Sync="TRUE">MACROZONA</attalias><attrtype Sync="TRUE">String</attrtype><attwidth Sync="TRUE">2</attwidth><atprecis Sync="TRUE">0</atprecis><attscale Sync="TRUE">0</attscale></attr><attr><attrlabl Sync="TRUE">DESC_MAC</attrlabl><attalias Sync="TRUE">DESC_MAC</attalias><attrtype Sync="TRUE">String</attrtype><attwidth Sync="TRUE">50</attwidth><atprecis Sync="TRUE">0</atprecis><attscale Sync="TRUE">0</attscale></attr><attr><attrlabl Sync="TRUE">ZONA</attrlabl><attalias Sync="TRUE">ZONA</attalias><attrtype Sync="TRUE">String</attrtype><attwidth Sync="TRUE">50</attwidth><atprecis Sync="TRUE">0</atprecis><attscale Sync="TRUE">0</attscale></attr><attr><attrlabl Sync="TRUE">IA_MAX</attrlabl><attalias Sync="TRUE">IA_MAX</attalias><attrtype Sync="TRUE">String</attrtype><attwidth Sync="TRUE">254</attwidth><atprecis Sync="TRUE">0</atprecis><attscale Sync="TRUE">0</attscale></attr><attr><attrlabl Sync="TRUE">OBS_IA</attrlabl><attalias Sync="TRUE">OBS_IA</attalias><attrtype Sync="TRUE">String</attrtype><attwidth Sync="TRUE">254</attwidth><atprecis Sync="TRUE">0</atprecis><attscale Sync="TRUE">0</attscale></attr><attr><attrlabl Sync="TRUE">IO_MAX</attrlabl><attalias Sync="TRUE">IO_MAX</attalias><attrtype Sync="TRUE">String</attrtype><attwidth Sync="TRUE">254</attwidth><atprecis Sync="TRUE">0</atprecis><attscale Sync="TRUE">0</attscale></attr><attr><attrlabl Sync="TRUE">ALTURA</attrlabl><attalias Sync="TRUE">ALTURA</attalias><attrtype Sync="TRUE">String</attrtype><attwidth Sync="TRUE">50</attwidth><atprecis Sync="TRUE">0</atprecis><attscale Sync="TRUE">0</attscale></attr><attr><attrlabl Sync="TRUE">SUPERF_MIN</attrlabl><attalias Sync="TRUE">SUPERF_MIN</attalias><attrtype Sync="TRUE">String</attrtype><attwidth Sync="TRUE">50</attwidth><atprecis Sync="TRUE">0</atprecis><attscale Sync="TRUE">0</attscale></attr><attr><attrlabl Sync="TRUE">TESTADA_MN</attrlabl><attalias Sync="TRUE">TESTADA_MN</attalias><attrtype Sync="TRUE">String</attrtype><attwidth Sync="TRUE">50</attwidth><atprecis Sync="TRUE">0</atprecis><attscale Sync="TRUE">0</attscale></attr><attr><attrlabl Sync="TRUE">REL_MAX_TE</attrlabl><attalias Sync="TRUE">REL_MAX_TE</attalias><attrtype Sync="TRUE">String</attrtype><attwidth Sync="TRUE">50</attwidth><atprecis Sync="TRUE">0</atprecis><attscale Sync="TRUE">0</attscale></attr><attr><attrlabl Sync="TRUE">Shape_Leng</attrlabl><attalias Sync="TRUE">Shape_Leng</attalias><attrtype Sync="TRUE">Double</attrtype><attwidth Sync="TRUE">19</attwidth><atprecis Sync="TRUE">0</atprecis><attscale Sync="TRUE">0</attscale></attr><attr><attrlabl Sync="TRUE">Shape_Area</attrlabl><attalias Sync="TRUE">Shape_Area</attalias><attrtype Sync="TRUE">Double</attrtype><attwidth Sync="TRUE">19</attwidth><atprecis Sync="TRUE">0</atprecis><attscale Sync="TRUE">0</attscale><attrdef Sync="TRUE">Area of feature in internal units squared.</attrdef><attrdefs Sync="TRUE">Esri</attrdefs><attrdomv><udom Sync="TRUE">Positive real numbers that are automatically generated.</udom></attrdomv></attr></detailed></eainfo><mdDateSt Sync="TRUE">20160630</mdDateSt></metadata>
